Drop table if exists rg_mp_em;
Drop table if exists rg_mp_eps;
Drop table if exists rg_mp_PtCiudad;
create table if not exists rg_mp_PtCiudad(
`PtCiudadId` int primary key auto_increment,
`Nombre` varchar(50),
`Departamento` varchar(50),
`Lat` varchar(50),
`Lng` varchar(50),
`Estado` enum('Inactivo', 'Activo') default 'Activo',
`CreatedBy` varchar(20) DEFAULT '',
`CreatedAt` timestamp DEFAULT current_timestamp,
`ModifiedBy` varchar(20) DEFAULT '',
`ModifiedAt` datetime,
INDEX(`PtCiudadId`));

create table if not exists rg_mp_eps(
`EpsId` int primary key auto_increment,
`Nombre` varchar(50),
`Codigo` varchar(10),
`Estado` enum('Inactivo', 'Activo') default 'Activo',
`CreatedBy` varchar(20) DEFAULT '',
`CreatedAt` timestamp DEFAULT current_timestamp,
`ModifiedBy` varchar(20) DEFAULT '',
`ModifiedAt` datetime,
INDEX(`EpsId`));

create table if not exists rg_mp_em(
`EmId` int primary key auto_increment,
`Eps` varchar(50),
`Codigo` varchar(10),
`Municipio` varchar(50),
`EpsId` int,
`MunicipioId` int,
`Valor` int,
`Tipo` enum('Subsidiado', 'Contributivo') default 'Subsidiado',
`Estado` enum('Inactivo', 'Activo') default 'Activo',
`CreatedBy` varchar(20) DEFAULT '',
`CreatedAt` timestamp DEFAULT current_timestamp,
`ModifiedBy` varchar(20) DEFAULT '',
`ModifiedAt` datetime,
INDEX(`EmId`, `EpsId`, `MunicipioId`));


ALTER TABLE `polivalente`.`rg_mp_ptciudad` 
ADD COLUMN `Orden` INT NULL AFTER `Lng`;


/*
-- Query: SELECT * FROM polivalente.rg_mp_ptciudad
LIMIT 0, 2000

-- Date: 2020-10-16 11:08
*/
INSERT INTO `rg_mp_ptciudad` (`PtCiudadId`,`Nombre`,`Departamento`,`Lat`,`Lng`,`Orden`,`Estado`,`CreatedBy`,`CreatedAt`,`ModifiedBy`,`ModifiedAt`) VALUES (1,'VALLEDUPAR','CESAR','10.4569','-73.2531',1,'Activo','','2020-10-14 08:06:38','',NULL);
INSERT INTO `rg_mp_ptciudad` (`PtCiudadId`,`Nombre`,`Departamento`,`Lat`,`Lng`,`Orden`,`Estado`,`CreatedBy`,`CreatedAt`,`ModifiedBy`,`ModifiedAt`) VALUES (2,'LA PAZ  ROBLES','CESAR','10.3862','-73.1720',21,'Activo','','2020-10-14 08:06:38','',NULL);
INSERT INTO `rg_mp_ptciudad` (`PtCiudadId`,`Nombre`,`Departamento`,`Lat`,`Lng`,`Orden`,`Estado`,`CreatedBy`,`CreatedAt`,`ModifiedBy`,`ModifiedAt`) VALUES (3,'SAN DIEGO','CESAR','10.3321','-73.1804',23,'Activo','','2020-10-14 08:43:01','',NULL);
INSERT INTO `rg_mp_ptciudad` (`PtCiudadId`,`Nombre`,`Departamento`,`Lat`,`Lng`,`Orden`,`Estado`,`CreatedBy`,`CreatedAt`,`ModifiedBy`,`ModifiedAt`) VALUES (4,'CODAZZI','CESAR','10.0341','-73.2375',3,'Activo','','2020-10-14 11:27:50','',NULL);
INSERT INTO `rg_mp_ptciudad` (`PtCiudadId`,`Nombre`,`Departamento`,`Lat`,`Lng`,`Orden`,`Estado`,`CreatedBy`,`CreatedAt`,`ModifiedBy`,`ModifiedAt`) VALUES (5,'BECERRIL','CESAR','9.7031','-73.2797',5,'Activo','','2020-10-14 11:27:50','',NULL);
INSERT INTO `rg_mp_ptciudad` (`PtCiudadId`,`Nombre`,`Departamento`,`Lat`,`Lng`,`Orden`,`Estado`,`CreatedBy`,`CreatedAt`,`ModifiedBy`,`ModifiedAt`) VALUES (6,'AGUACHICA','CESAR','8.3065','-73.6035',2,'Activo','','2020-10-14 13:14:15','',NULL);
INSERT INTO `rg_mp_ptciudad` (`PtCiudadId`,`Nombre`,`Departamento`,`Lat`,`Lng`,`Orden`,`Estado`,`CreatedBy`,`CreatedAt`,`ModifiedBy`,`ModifiedAt`) VALUES (7,'ASTREA','CESAR','9.4990','-73.9756',4,'Activo','','2020-10-14 13:14:15','',NULL);
INSERT INTO `rg_mp_ptciudad` (`PtCiudadId`,`Nombre`,`Departamento`,`Lat`,`Lng`,`Orden`,`Estado`,`CreatedBy`,`CreatedAt`,`ModifiedBy`,`ModifiedAt`) VALUES (8,'BOSCONIA','CESAR','9.9732','-73.8867',6,'Activo','','2020-10-14 13:14:15','',NULL);
INSERT INTO `rg_mp_ptciudad` (`PtCiudadId`,`Nombre`,`Departamento`,`Lat`,`Lng`,`Orden`,`Estado`,`CreatedBy`,`CreatedAt`,`ModifiedBy`,`ModifiedAt`) VALUES (9,'CHIMICHAGUA','CESAR','9.2577','-73.8129',7,'Activo','','2020-10-14 13:16:53','',NULL);
INSERT INTO `rg_mp_ptciudad` (`PtCiudadId`,`Nombre`,`Departamento`,`Lat`,`Lng`,`Orden`,`Estado`,`CreatedBy`,`CreatedAt`,`ModifiedBy`,`ModifiedAt`) VALUES (10,'CHIRIGUANA','CESAR','9.3632','-73.6018',8,'Activo','','2020-10-14 13:16:53','',NULL);
INSERT INTO `rg_mp_ptciudad` (`PtCiudadId`,`Nombre`,`Departamento`,`Lat`,`Lng`,`Orden`,`Estado`,`CreatedBy`,`CreatedAt`,`ModifiedBy`,`ModifiedAt`) VALUES (11,'CURUMANI','CESAR','9.2010','-73.5426',9,'Activo','','2020-10-14 13:49:38','',NULL);
INSERT INTO `rg_mp_ptciudad` (`PtCiudadId`,`Nombre`,`Departamento`,`Lat`,`Lng`,`Orden`,`Estado`,`CreatedBy`,`CreatedAt`,`ModifiedBy`,`ModifiedAt`) VALUES (12,'EL COPEY','CESAR','10.1491','-73.9612',10,'Activo','','2020-10-14 13:49:38','',NULL);
INSERT INTO `rg_mp_ptciudad` (`PtCiudadId`,`Nombre`,`Departamento`,`Lat`,`Lng`,`Orden`,`Estado`,`CreatedBy`,`CreatedAt`,`ModifiedBy`,`ModifiedAt`) VALUES (13,'EL PASO','CESAR','9.6605','-73.7469',11,'Activo','','2020-10-14 13:49:38','',NULL);
INSERT INTO `rg_mp_ptciudad` (`PtCiudadId`,`Nombre`,`Departamento`,`Lat`,`Lng`,`Orden`,`Estado`,`CreatedBy`,`CreatedAt`,`ModifiedBy`,`ModifiedAt`) VALUES (14,'GAMARRA','CESAR','8.3223','-73.7440',12,'Activo','','2020-10-14 13:49:38','',NULL);
INSERT INTO `rg_mp_ptciudad` (`PtCiudadId`,`Nombre`,`Departamento`,`Lat`,`Lng`,`Orden`,`Estado`,`CreatedBy`,`CreatedAt`,`ModifiedBy`,`ModifiedAt`) VALUES (15,'GONZALEZ','CESAR','8.39083','-73.38085',13,'Activo','','2020-10-14 13:56:13','',NULL);
INSERT INTO `rg_mp_ptciudad` (`PtCiudadId`,`Nombre`,`Departamento`,`Lat`,`Lng`,`Orden`,`Estado`,`CreatedBy`,`CreatedAt`,`ModifiedBy`,`ModifiedAt`) VALUES (16,'LA GLORIA','CESAR','8.6193','-73.8021',14,'Activo','','2020-10-14 13:56:13','',NULL);
INSERT INTO `rg_mp_ptciudad` (`PtCiudadId`,`Nombre`,`Departamento`,`Lat`,`Lng`,`Orden`,`Estado`,`CreatedBy`,`CreatedAt`,`ModifiedBy`,`ModifiedAt`) VALUES (17,'LA JAGUA DE IBIRICO','CESAR','9.5638',' -73.3339',15,'Activo','','2020-10-14 13:56:13','',NULL);
INSERT INTO `rg_mp_ptciudad` (`PtCiudadId`,`Nombre`,`Departamento`,`Lat`,`Lng`,`Orden`,`Estado`,`CreatedBy`,`CreatedAt`,`ModifiedBy`,`ModifiedAt`) VALUES (18,'MANAURE','CESAR','10.3904','-73.0293',16,'Activo','','2020-10-14 14:09:37','',NULL);
INSERT INTO `rg_mp_ptciudad` (`PtCiudadId`,`Nombre`,`Departamento`,`Lat`,`Lng`,`Orden`,`Estado`,`CreatedBy`,`CreatedAt`,`ModifiedBy`,`ModifiedAt`) VALUES (19,'PAILITAS','CESAR','8.9560','-73.6251',17,'Activo','','2020-10-14 14:09:37','',NULL);
INSERT INTO `rg_mp_ptciudad` (`PtCiudadId`,`Nombre`,`Departamento`,`Lat`,`Lng`,`Orden`,`Estado`,`CreatedBy`,`CreatedAt`,`ModifiedBy`,`ModifiedAt`) VALUES (20,'PELAYA','CESAR','8.6845','-73.6681',18,'Activo','','2020-10-14 14:09:37','',NULL);
INSERT INTO `rg_mp_ptciudad` (`PtCiudadId`,`Nombre`,`Departamento`,`Lat`,`Lng`,`Orden`,`Estado`,`CreatedBy`,`CreatedAt`,`ModifiedBy`,`ModifiedAt`) VALUES (21,'PUEBLO BELLO','CESAR','10.4120','-73.5905',19,'Activo','','2020-10-14 14:09:37','',NULL);
INSERT INTO `rg_mp_ptciudad` (`PtCiudadId`,`Nombre`,`Departamento`,`Lat`,`Lng`,`Orden`,`Estado`,`CreatedBy`,`CreatedAt`,`ModifiedBy`,`ModifiedAt`) VALUES (22,'RIO DE ORO','CESAR','8.2923','-73.3858',20,'Activo','','2020-10-14 14:09:37','',NULL);
INSERT INTO `rg_mp_ptciudad` (`PtCiudadId`,`Nombre`,`Departamento`,`Lat`,`Lng`,`Orden`,`Estado`,`CreatedBy`,`CreatedAt`,`ModifiedBy`,`ModifiedAt`) VALUES (23,'SAN ALBERTO','CESAR','7.7607','-73.3932',22,'Activo','','2020-10-14 14:20:02','',NULL);
INSERT INTO `rg_mp_ptciudad` (`PtCiudadId`,`Nombre`,`Departamento`,`Lat`,`Lng`,`Orden`,`Estado`,`CreatedBy`,`CreatedAt`,`ModifiedBy`,`ModifiedAt`) VALUES (24,'SAN MARTIN','CESAR','8.0014','-73.5130',24,'Activo','','2020-10-14 14:20:02','',NULL);
INSERT INTO `rg_mp_ptciudad` (`PtCiudadId`,`Nombre`,`Departamento`,`Lat`,`Lng`,`Orden`,`Estado`,`CreatedBy`,`CreatedAt`,`ModifiedBy`,`ModifiedAt`) VALUES (25,'TAMALAMEQUE','CESAR','8.8568','-73.8164',25,'Activo','','2020-10-14 14:20:02','',NULL);



/*
-- Query: SELECT * FROM polivalente.rg_mp_eps
LIMIT 0, 2000

-- Date: 2020-10-16 11:09
*/
INSERT INTO `rg_mp_eps` (`EpsId`,`Nombre`,`Codigo`,`Estado`,`CreatedBy`,`CreatedAt`,`ModifiedBy`,`ModifiedAt`) VALUES (1,'CAJACOPI','CCF055','Activo','','2020-10-14 14:52:53','',NULL);
INSERT INTO `rg_mp_eps` (`EpsId`,`Nombre`,`Codigo`,`Estado`,`CreatedBy`,`CreatedAt`,`ModifiedBy`,`ModifiedAt`) VALUES (2,'DUSAKAWI','EPSI01','Activo','','2020-10-14 14:52:53','',NULL);
INSERT INTO `rg_mp_eps` (`EpsId`,`Nombre`,`Codigo`,`Estado`,`CreatedBy`,`CreatedAt`,`ModifiedBy`,`ModifiedAt`) VALUES (3,'SALUDVIDA','EPSS33','Activo','','2020-10-14 14:52:53','',NULL);
INSERT INTO `rg_mp_eps` (`EpsId`,`Nombre`,`Codigo`,`Estado`,`CreatedBy`,`CreatedAt`,`ModifiedBy`,`ModifiedAt`) VALUES (4,'COOSALUD','ESS024','Activo','','2020-10-14 14:52:53','',NULL);
INSERT INTO `rg_mp_eps` (`EpsId`,`Nombre`,`Codigo`,`Estado`,`CreatedBy`,`CreatedAt`,`ModifiedBy`,`ModifiedAt`) VALUES (5,'ASMET','ESS062','Activo','','2020-10-14 14:52:53','',NULL);
INSERT INTO `rg_mp_eps` (`EpsId`,`Nombre`,`Codigo`,`Estado`,`CreatedBy`,`CreatedAt`,`ModifiedBy`,`ModifiedAt`) VALUES (6,'AMBUQ','ESS076','Activo','','2020-10-14 14:52:53','',NULL);
INSERT INTO `rg_mp_eps` (`EpsId`,`Nombre`,`Codigo`,`Estado`,`CreatedBy`,`CreatedAt`,`ModifiedBy`,`ModifiedAt`) VALUES (7,'COMPARTA','ESS133','Activo','','2020-10-14 14:52:53','',NULL);
INSERT INTO `rg_mp_eps` (`EpsId`,`Nombre`,`Codigo`,`Estado`,`CreatedBy`,`CreatedAt`,`ModifiedBy`,`ModifiedAt`) VALUES (8,'NUEVA EPS','EPSS41','Activo','','2020-10-14 14:52:53','',NULL);
INSERT INTO `rg_mp_eps` (`EpsId`,`Nombre`,`Codigo`,`Estado`,`CreatedBy`,`CreatedAt`,`ModifiedBy`,`ModifiedAt`) VALUES (9,'SALUDVIDA','EPSM33','Activo','','2020-10-14 14:52:53','',NULL);
INSERT INTO `rg_mp_eps` (`EpsId`,`Nombre`,`Codigo`,`Estado`,`CreatedBy`,`CreatedAt`,`ModifiedBy`,`ModifiedAt`) VALUES (10,'SALUDTOTAL','EPSS02','Activo','','2020-10-14 14:52:53','',NULL);
INSERT INTO `rg_mp_eps` (`EpsId`,`Nombre`,`Codigo`,`Estado`,`CreatedBy`,`CreatedAt`,`ModifiedBy`,`ModifiedAt`) VALUES (11,'SANITAS','EPSS05','Activo','','2020-10-14 14:52:53','',NULL);
INSERT INTO `rg_mp_eps` (`EpsId`,`Nombre`,`Codigo`,`Estado`,`CreatedBy`,`CreatedAt`,`ModifiedBy`,`ModifiedAt`) VALUES (12,'COOMEVA','EPSS16','Activo','','2020-10-14 14:52:53','',NULL);
INSERT INTO `rg_mp_eps` (`EpsId`,`Nombre`,`Codigo`,`Estado`,`CreatedBy`,`CreatedAt`,`ModifiedBy`,`ModifiedAt`) VALUES (13,'FAMISANAR','EPSS17','Activo','','2020-10-14 14:52:53','',NULL);
INSERT INTO `rg_mp_eps` (`EpsId`,`Nombre`,`Codigo`,`Estado`,`CreatedBy`,`CreatedAt`,`ModifiedBy`,`ModifiedAt`) VALUES (14,'NUEVA EPS','EPSS37','Activo','','2020-10-14 14:52:53','',NULL);
INSERT INTO `rg_mp_eps` (`EpsId`,`Nombre`,`Codigo`,`Estado`,`CreatedBy`,`CreatedAt`,`ModifiedBy`,`ModifiedAt`) VALUES (15,'MEDIMAS SAS','EPSS44','Activo','','2020-10-14 14:52:53','',NULL);
INSERT INTO `rg_mp_eps` (`EpsId`,`Nombre`,`Codigo`,`Estado`,`CreatedBy`,`CreatedAt`,`ModifiedBy`,`ModifiedAt`) VALUES (16,'MUTUALSER','ESS207','Activo','','2020-10-14 14:52:53','',NULL);
INSERT INTO `rg_mp_eps` (`EpsId`,`Nombre`,`Codigo`,`Estado`,`CreatedBy`,`CreatedAt`,`ModifiedBy`,`ModifiedAt`) VALUES (17,'CAJACOPI','CCF055','Activo','','2020-10-16 08:21:29','',NULL);
INSERT INTO `rg_mp_eps` (`EpsId`,`Nombre`,`Codigo`,`Estado`,`CreatedBy`,`CreatedAt`,`ModifiedBy`,`ModifiedAt`) VALUES (18,'DUSAKAWI','EPSI01','Activo','','2020-10-16 08:21:29','',NULL);
INSERT INTO `rg_mp_eps` (`EpsId`,`Nombre`,`Codigo`,`Estado`,`CreatedBy`,`CreatedAt`,`ModifiedBy`,`ModifiedAt`) VALUES (19,'SALUDVIDA','EPSS33','Activo','','2020-10-16 08:21:29','',NULL);
INSERT INTO `rg_mp_eps` (`EpsId`,`Nombre`,`Codigo`,`Estado`,`CreatedBy`,`CreatedAt`,`ModifiedBy`,`ModifiedAt`) VALUES (20,'COOSALUD','ESS024','Activo','','2020-10-16 08:21:29','',NULL);
INSERT INTO `rg_mp_eps` (`EpsId`,`Nombre`,`Codigo`,`Estado`,`CreatedBy`,`CreatedAt`,`ModifiedBy`,`ModifiedAt`) VALUES (21,'ASMET','ESS062','Activo','','2020-10-16 08:21:29','',NULL);
INSERT INTO `rg_mp_eps` (`EpsId`,`Nombre`,`Codigo`,`Estado`,`CreatedBy`,`CreatedAt`,`ModifiedBy`,`ModifiedAt`) VALUES (22,'AMBUQ','ESS076','Activo','','2020-10-16 08:21:29','',NULL);
INSERT INTO `rg_mp_eps` (`EpsId`,`Nombre`,`Codigo`,`Estado`,`CreatedBy`,`CreatedAt`,`ModifiedBy`,`ModifiedAt`) VALUES (23,'COMPARTA','ESS133','Activo','','2020-10-16 08:21:29','',NULL);
INSERT INTO `rg_mp_eps` (`EpsId`,`Nombre`,`Codigo`,`Estado`,`CreatedBy`,`CreatedAt`,`ModifiedBy`,`ModifiedAt`) VALUES (24,'NUEVA EPS','EPSS41','Activo','','2020-10-16 08:21:29','',NULL);
INSERT INTO `rg_mp_eps` (`EpsId`,`Nombre`,`Codigo`,`Estado`,`CreatedBy`,`CreatedAt`,`ModifiedBy`,`ModifiedAt`) VALUES (25,'SALUDVIDA','EPSM33','Activo','','2020-10-16 08:21:29','',NULL);
INSERT INTO `rg_mp_eps` (`EpsId`,`Nombre`,`Codigo`,`Estado`,`CreatedBy`,`CreatedAt`,`ModifiedBy`,`ModifiedAt`) VALUES (26,'SALUDTOTAL','EPSS02','Activo','','2020-10-16 08:21:29','',NULL);
INSERT INTO `rg_mp_eps` (`EpsId`,`Nombre`,`Codigo`,`Estado`,`CreatedBy`,`CreatedAt`,`ModifiedBy`,`ModifiedAt`) VALUES (27,'SANITAS','EPSS05','Activo','','2020-10-16 08:21:29','',NULL);
INSERT INTO `rg_mp_eps` (`EpsId`,`Nombre`,`Codigo`,`Estado`,`CreatedBy`,`CreatedAt`,`ModifiedBy`,`ModifiedAt`) VALUES (28,'COOMEVA','EPSS16','Activo','','2020-10-16 08:21:29','',NULL);
INSERT INTO `rg_mp_eps` (`EpsId`,`Nombre`,`Codigo`,`Estado`,`CreatedBy`,`CreatedAt`,`ModifiedBy`,`ModifiedAt`) VALUES (29,'FAMISANAR','EPSS17','Activo','','2020-10-16 08:21:29','',NULL);
INSERT INTO `rg_mp_eps` (`EpsId`,`Nombre`,`Codigo`,`Estado`,`CreatedBy`,`CreatedAt`,`ModifiedBy`,`ModifiedAt`) VALUES (30,'NUEVA EPS','EPSS37','Activo','','2020-10-16 08:21:29','',NULL);
INSERT INTO `rg_mp_eps` (`EpsId`,`Nombre`,`Codigo`,`Estado`,`CreatedBy`,`CreatedAt`,`ModifiedBy`,`ModifiedAt`) VALUES (31,'MEDIMAS SAS','EPSS44','Activo','','2020-10-16 08:21:29','',NULL);
INSERT INTO `rg_mp_eps` (`EpsId`,`Nombre`,`Codigo`,`Estado`,`CreatedBy`,`CreatedAt`,`ModifiedBy`,`ModifiedAt`) VALUES (32,'MUTUALSER','ESS207','Activo','','2020-10-16 08:21:29','',NULL);



/*
-- Query: SELECT * FROM polivalente.rg_mp_em
LIMIT 0, 2000

-- Date: 2020-10-16 11:07
*/
INSERT INTO `rg_mp_em` (`EmId`,`Eps`,`Codigo`,`Municipio`,`EpsId`,`MunicipioId`,`Valor`,`Tipo`,`Estado`,`CreatedBy`,`CreatedAt`,`ModifiedBy`,`ModifiedAt`) VALUES (1,'CAJACOPI','CCF055','VALLEDUPAR',1,1,66880,'Subsidiado','Activo','','2020-10-16 08:59:45','',NULL);
INSERT INTO `rg_mp_em` (`EmId`,`Eps`,`Codigo`,`Municipio`,`EpsId`,`MunicipioId`,`Valor`,`Tipo`,`Estado`,`CreatedBy`,`CreatedAt`,`ModifiedBy`,`ModifiedAt`) VALUES (2,'DUSAKAWI','EPSI01','VALLEDUPAR',2,1,37297,'Subsidiado','Activo','','2020-10-16 08:59:45','',NULL);
INSERT INTO `rg_mp_em` (`EmId`,`Eps`,`Codigo`,`Municipio`,`EpsId`,`MunicipioId`,`Valor`,`Tipo`,`Estado`,`CreatedBy`,`CreatedAt`,`ModifiedBy`,`ModifiedAt`) VALUES (3,'SALUDVIDA','EPSS33','VALLEDUPAR',3,1,27297,'Subsidiado','Activo','','2020-10-16 08:59:45','',NULL);
INSERT INTO `rg_mp_em` (`EmId`,`Eps`,`Codigo`,`Municipio`,`EpsId`,`MunicipioId`,`Valor`,`Tipo`,`Estado`,`CreatedBy`,`CreatedAt`,`ModifiedBy`,`ModifiedAt`) VALUES (4,'COOSALUD','ESS024','VALLEDUPAR',4,1,53985,'Subsidiado','Activo','','2020-10-16 08:59:45','',NULL);
INSERT INTO `rg_mp_em` (`EmId`,`Eps`,`Codigo`,`Municipio`,`EpsId`,`MunicipioId`,`Valor`,`Tipo`,`Estado`,`CreatedBy`,`CreatedAt`,`ModifiedBy`,`ModifiedAt`) VALUES (5,'ASMET','ESS062','VALLEDUPAR',5,1,15416,'Subsidiado','Activo','','2020-10-16 08:59:45','',NULL);
INSERT INTO `rg_mp_em` (`EmId`,`Eps`,`Codigo`,`Municipio`,`EpsId`,`MunicipioId`,`Valor`,`Tipo`,`Estado`,`CreatedBy`,`CreatedAt`,`ModifiedBy`,`ModifiedAt`) VALUES (6,'AMBUQ','ESS076','VALLEDUPAR',6,1,27063,'Subsidiado','Activo','','2020-10-16 08:59:45','',NULL);
INSERT INTO `rg_mp_em` (`EmId`,`Eps`,`Codigo`,`Municipio`,`EpsId`,`MunicipioId`,`Valor`,`Tipo`,`Estado`,`CreatedBy`,`CreatedAt`,`ModifiedBy`,`ModifiedAt`) VALUES (7,'COMPARTA','ESS133','VALLEDUPAR',7,1,18813,'Subsidiado','Activo','','2020-10-16 08:59:45','',NULL);
INSERT INTO `rg_mp_em` (`EmId`,`Eps`,`Codigo`,`Municipio`,`EpsId`,`MunicipioId`,`Valor`,`Tipo`,`Estado`,`CreatedBy`,`CreatedAt`,`ModifiedBy`,`ModifiedAt`) VALUES (8,'NUEVA EPS','EPSS41','VALLEDUPAR',8,1,22264,'Subsidiado','Activo','','2020-10-16 08:59:45','',NULL);
INSERT INTO `rg_mp_em` (`EmId`,`Eps`,`Codigo`,`Municipio`,`EpsId`,`MunicipioId`,`Valor`,`Tipo`,`Estado`,`CreatedBy`,`CreatedAt`,`ModifiedBy`,`ModifiedAt`) VALUES (9,'SALUDVIDA','EPSM33','VALLEDUPAR',9,1,461,'Subsidiado','Activo','','2020-10-16 08:59:45','',NULL);
INSERT INTO `rg_mp_em` (`EmId`,`Eps`,`Codigo`,`Municipio`,`EpsId`,`MunicipioId`,`Valor`,`Tipo`,`Estado`,`CreatedBy`,`CreatedAt`,`ModifiedBy`,`ModifiedAt`) VALUES (10,'SALUDTOTAL','EPSS02','VALLEDUPAR',10,1,8361,'Subsidiado','Activo','','2020-10-16 08:59:45','',NULL);
INSERT INTO `rg_mp_em` (`EmId`,`Eps`,`Codigo`,`Municipio`,`EpsId`,`MunicipioId`,`Valor`,`Tipo`,`Estado`,`CreatedBy`,`CreatedAt`,`ModifiedBy`,`ModifiedAt`) VALUES (11,'SANITAS','EPSS05','VALLEDUPAR',11,1,1241,'Subsidiado','Activo','','2020-10-16 08:59:45','',NULL);
INSERT INTO `rg_mp_em` (`EmId`,`Eps`,`Codigo`,`Municipio`,`EpsId`,`MunicipioId`,`Valor`,`Tipo`,`Estado`,`CreatedBy`,`CreatedAt`,`ModifiedBy`,`ModifiedAt`) VALUES (12,'COOMEVA','EPSS16','VALLEDUPAR',12,1,4565,'Subsidiado','Activo','','2020-10-16 08:59:45','',NULL);
INSERT INTO `rg_mp_em` (`EmId`,`Eps`,`Codigo`,`Municipio`,`EpsId`,`MunicipioId`,`Valor`,`Tipo`,`Estado`,`CreatedBy`,`CreatedAt`,`ModifiedBy`,`ModifiedAt`) VALUES (13,'FAMISANAR','EPSS17','VALLEDUPAR',13,1,3362,'Subsidiado','Activo','','2020-10-16 08:59:45','',NULL);
INSERT INTO `rg_mp_em` (`EmId`,`Eps`,`Codigo`,`Municipio`,`EpsId`,`MunicipioId`,`Valor`,`Tipo`,`Estado`,`CreatedBy`,`CreatedAt`,`ModifiedBy`,`ModifiedAt`) VALUES (14,'NUEVA EPS','EPSS37','VALLEDUPAR',14,1,3368,'Subsidiado','Activo','','2020-10-16 08:59:45','',NULL);
INSERT INTO `rg_mp_em` (`EmId`,`Eps`,`Codigo`,`Municipio`,`EpsId`,`MunicipioId`,`Valor`,`Tipo`,`Estado`,`CreatedBy`,`CreatedAt`,`ModifiedBy`,`ModifiedAt`) VALUES (15,'MEDIMAS SAS','EPSS44','VALLEDUPAR',15,1,2,'Subsidiado','Activo','','2020-10-16 08:59:45','',NULL);
INSERT INTO `rg_mp_em` (`EmId`,`Eps`,`Codigo`,`Municipio`,`EpsId`,`MunicipioId`,`Valor`,`Tipo`,`Estado`,`CreatedBy`,`CreatedAt`,`ModifiedBy`,`ModifiedAt`) VALUES (16,'MUTUALSER','ESS207','VALLEDUPAR',16,1,5799,'Subsidiado','Activo','','2020-10-16 08:59:45','',NULL);
INSERT INTO `rg_mp_em` (`EmId`,`Eps`,`Codigo`,`Municipio`,`EpsId`,`MunicipioId`,`Valor`,`Tipo`,`Estado`,`CreatedBy`,`CreatedAt`,`ModifiedBy`,`ModifiedAt`) VALUES (17,'ASMET','ESS062','AGUACHICA',5,6,24771,'Subsidiado','Activo','','2020-10-16 08:59:45','',NULL);
INSERT INTO `rg_mp_em` (`EmId`,`Eps`,`Codigo`,`Municipio`,`EpsId`,`MunicipioId`,`Valor`,`Tipo`,`Estado`,`CreatedBy`,`CreatedAt`,`ModifiedBy`,`ModifiedAt`) VALUES (18,'COMPARTA','ESS133','AGUACHICA',7,6,36210,'Subsidiado','Activo','','2020-10-16 08:59:45','',NULL);
INSERT INTO `rg_mp_em` (`EmId`,`Eps`,`Codigo`,`Municipio`,`EpsId`,`MunicipioId`,`Valor`,`Tipo`,`Estado`,`CreatedBy`,`CreatedAt`,`ModifiedBy`,`ModifiedAt`) VALUES (19,'NUEVA EPS','EPSS41','AGUACHICA',8,6,12847,'Subsidiado','Activo','','2020-10-16 08:59:45','',NULL);
INSERT INTO `rg_mp_em` (`EmId`,`Eps`,`Codigo`,`Municipio`,`EpsId`,`MunicipioId`,`Valor`,`Tipo`,`Estado`,`CreatedBy`,`CreatedAt`,`ModifiedBy`,`ModifiedAt`) VALUES (20,'SALUDVIDA','EPSM33','AGUACHICA',9,6,73,'Subsidiado','Activo','','2020-10-16 08:59:45','',NULL);
INSERT INTO `rg_mp_em` (`EmId`,`Eps`,`Codigo`,`Municipio`,`EpsId`,`MunicipioId`,`Valor`,`Tipo`,`Estado`,`CreatedBy`,`CreatedAt`,`ModifiedBy`,`ModifiedAt`) VALUES (21,'SALUDTOTAL','EPSS02','AGUACHICA',10,6,72,'Subsidiado','Activo','','2020-10-16 08:59:45','',NULL);
INSERT INTO `rg_mp_em` (`EmId`,`Eps`,`Codigo`,`Municipio`,`EpsId`,`MunicipioId`,`Valor`,`Tipo`,`Estado`,`CreatedBy`,`CreatedAt`,`ModifiedBy`,`ModifiedAt`) VALUES (22,'SANITAS','EPSS05','AGUACHICA',11,6,582,'Subsidiado','Activo','','2020-10-16 08:59:45','',NULL);
INSERT INTO `rg_mp_em` (`EmId`,`Eps`,`Codigo`,`Municipio`,`EpsId`,`MunicipioId`,`Valor`,`Tipo`,`Estado`,`CreatedBy`,`CreatedAt`,`ModifiedBy`,`ModifiedAt`) VALUES (23,'COOMEVA','EPSS16','AGUACHICA',12,6,1810,'Subsidiado','Activo','','2020-10-16 08:59:46','',NULL);
INSERT INTO `rg_mp_em` (`EmId`,`Eps`,`Codigo`,`Municipio`,`EpsId`,`MunicipioId`,`Valor`,`Tipo`,`Estado`,`CreatedBy`,`CreatedAt`,`ModifiedBy`,`ModifiedAt`) VALUES (24,'NUEVA EPS','EPSS37','AGUACHICA',14,6,1426,'Subsidiado','Activo','','2020-10-16 08:59:46','',NULL);
INSERT INTO `rg_mp_em` (`EmId`,`Eps`,`Codigo`,`Municipio`,`EpsId`,`MunicipioId`,`Valor`,`Tipo`,`Estado`,`CreatedBy`,`CreatedAt`,`ModifiedBy`,`ModifiedAt`) VALUES (25,'MEDIMAS SAS','EPSS44','AGUACHICA',15,6,1,'Subsidiado','Activo','','2020-10-16 08:59:46','',NULL);
INSERT INTO `rg_mp_em` (`EmId`,`Eps`,`Codigo`,`Municipio`,`EpsId`,`MunicipioId`,`Valor`,`Tipo`,`Estado`,`CreatedBy`,`CreatedAt`,`ModifiedBy`,`ModifiedAt`) VALUES (26,'CAJACOPI','CCF055','CODAZZI',1,4,5560,'Subsidiado','Activo','','2020-10-16 08:59:46','',NULL);
INSERT INTO `rg_mp_em` (`EmId`,`Eps`,`Codigo`,`Municipio`,`EpsId`,`MunicipioId`,`Valor`,`Tipo`,`Estado`,`CreatedBy`,`CreatedAt`,`ModifiedBy`,`ModifiedAt`) VALUES (27,'DUSAKAWI','EPSI01','CODAZZI',2,4,7998,'Subsidiado','Activo','','2020-10-16 08:59:46','',NULL);
INSERT INTO `rg_mp_em` (`EmId`,`Eps`,`Codigo`,`Municipio`,`EpsId`,`MunicipioId`,`Valor`,`Tipo`,`Estado`,`CreatedBy`,`CreatedAt`,`ModifiedBy`,`ModifiedAt`) VALUES (28,'SALUDVIDA','EPSS33','CODAZZI',3,4,10861,'Subsidiado','Activo','','2020-10-16 08:59:46','',NULL);
INSERT INTO `rg_mp_em` (`EmId`,`Eps`,`Codigo`,`Municipio`,`EpsId`,`MunicipioId`,`Valor`,`Tipo`,`Estado`,`CreatedBy`,`CreatedAt`,`ModifiedBy`,`ModifiedAt`) VALUES (29,'COOSALUD','ESS024','CODAZZI',4,4,6934,'Subsidiado','Activo','','2020-10-16 08:59:46','',NULL);
INSERT INTO `rg_mp_em` (`EmId`,`Eps`,`Codigo`,`Municipio`,`EpsId`,`MunicipioId`,`Valor`,`Tipo`,`Estado`,`CreatedBy`,`CreatedAt`,`ModifiedBy`,`ModifiedAt`) VALUES (30,'ASMET','ESS062','CODAZZI',5,4,2486,'Subsidiado','Activo','','2020-10-16 08:59:46','',NULL);
INSERT INTO `rg_mp_em` (`EmId`,`Eps`,`Codigo`,`Municipio`,`EpsId`,`MunicipioId`,`Valor`,`Tipo`,`Estado`,`CreatedBy`,`CreatedAt`,`ModifiedBy`,`ModifiedAt`) VALUES (31,'AMBUQ','ESS076','CODAZZI',6,4,5802,'Subsidiado','Activo','','2020-10-16 08:59:46','',NULL);
INSERT INTO `rg_mp_em` (`EmId`,`Eps`,`Codigo`,`Municipio`,`EpsId`,`MunicipioId`,`Valor`,`Tipo`,`Estado`,`CreatedBy`,`CreatedAt`,`ModifiedBy`,`ModifiedAt`) VALUES (32,'COMPARTA','ESS133','CODAZZI',7,4,2398,'Subsidiado','Activo','','2020-10-16 08:59:46','',NULL);
INSERT INTO `rg_mp_em` (`EmId`,`Eps`,`Codigo`,`Municipio`,`EpsId`,`MunicipioId`,`Valor`,`Tipo`,`Estado`,`CreatedBy`,`CreatedAt`,`ModifiedBy`,`ModifiedAt`) VALUES (33,'NUEVA EPS','EPSS41','CODAZZI',8,4,5822,'Subsidiado','Activo','','2020-10-16 08:59:46','',NULL);
INSERT INTO `rg_mp_em` (`EmId`,`Eps`,`Codigo`,`Municipio`,`EpsId`,`MunicipioId`,`Valor`,`Tipo`,`Estado`,`CreatedBy`,`CreatedAt`,`ModifiedBy`,`ModifiedAt`) VALUES (34,'SALUDVIDA','EPSM33','CODAZZI',9,4,113,'Subsidiado','Activo','','2020-10-16 08:59:46','',NULL);
INSERT INTO `rg_mp_em` (`EmId`,`Eps`,`Codigo`,`Municipio`,`EpsId`,`MunicipioId`,`Valor`,`Tipo`,`Estado`,`CreatedBy`,`CreatedAt`,`ModifiedBy`,`ModifiedAt`) VALUES (35,'COOMEVA','EPSS16','CODAZZI',12,4,1012,'Subsidiado','Activo','','2020-10-16 08:59:46','',NULL);
INSERT INTO `rg_mp_em` (`EmId`,`Eps`,`Codigo`,`Municipio`,`EpsId`,`MunicipioId`,`Valor`,`Tipo`,`Estado`,`CreatedBy`,`CreatedAt`,`ModifiedBy`,`ModifiedAt`) VALUES (36,'FAMISANAR','EPSS17','CODAZZI',13,4,984,'Subsidiado','Activo','','2020-10-16 08:59:46','',NULL);
INSERT INTO `rg_mp_em` (`EmId`,`Eps`,`Codigo`,`Municipio`,`EpsId`,`MunicipioId`,`Valor`,`Tipo`,`Estado`,`CreatedBy`,`CreatedAt`,`ModifiedBy`,`ModifiedAt`) VALUES (37,'NUEVA EPS','EPSS37','CODAZZI',14,4,952,'Subsidiado','Activo','','2020-10-16 08:59:46','',NULL);
INSERT INTO `rg_mp_em` (`EmId`,`Eps`,`Codigo`,`Municipio`,`EpsId`,`MunicipioId`,`Valor`,`Tipo`,`Estado`,`CreatedBy`,`CreatedAt`,`ModifiedBy`,`ModifiedAt`) VALUES (38,'MUTUALSER','ESS207','CODAZZI',16,4,3,'Subsidiado','Activo','','2020-10-16 08:59:46','',NULL);
INSERT INTO `rg_mp_em` (`EmId`,`Eps`,`Codigo`,`Municipio`,`EpsId`,`MunicipioId`,`Valor`,`Tipo`,`Estado`,`CreatedBy`,`CreatedAt`,`ModifiedBy`,`ModifiedAt`) VALUES (39,'SALUDVIDA','EPSS33','ASTREA',3,7,1486,'Subsidiado','Activo','','2020-10-16 08:59:46','',NULL);
INSERT INTO `rg_mp_em` (`EmId`,`Eps`,`Codigo`,`Municipio`,`EpsId`,`MunicipioId`,`Valor`,`Tipo`,`Estado`,`CreatedBy`,`CreatedAt`,`ModifiedBy`,`ModifiedAt`) VALUES (40,'ASMET','ESS062','ASTREA',5,7,8802,'Subsidiado','Activo','','2020-10-16 08:59:46','',NULL);
INSERT INTO `rg_mp_em` (`EmId`,`Eps`,`Codigo`,`Municipio`,`EpsId`,`MunicipioId`,`Valor`,`Tipo`,`Estado`,`CreatedBy`,`CreatedAt`,`ModifiedBy`,`ModifiedAt`) VALUES (41,'AMBUQ','ESS076','ASTREA',6,7,5395,'Subsidiado','Activo','','2020-10-16 08:59:46','',NULL);
INSERT INTO `rg_mp_em` (`EmId`,`Eps`,`Codigo`,`Municipio`,`EpsId`,`MunicipioId`,`Valor`,`Tipo`,`Estado`,`CreatedBy`,`CreatedAt`,`ModifiedBy`,`ModifiedAt`) VALUES (42,'NUEVA EPS','EPSS41','ASTREA',8,7,1686,'Subsidiado','Activo','','2020-10-16 08:59:46','',NULL);
INSERT INTO `rg_mp_em` (`EmId`,`Eps`,`Codigo`,`Municipio`,`EpsId`,`MunicipioId`,`Valor`,`Tipo`,`Estado`,`CreatedBy`,`CreatedAt`,`ModifiedBy`,`ModifiedAt`) VALUES (43,'SALUDVIDA','EPSM33','ASTREA',9,7,95,'Subsidiado','Activo','','2020-10-16 08:59:46','',NULL);
INSERT INTO `rg_mp_em` (`EmId`,`Eps`,`Codigo`,`Municipio`,`EpsId`,`MunicipioId`,`Valor`,`Tipo`,`Estado`,`CreatedBy`,`CreatedAt`,`ModifiedBy`,`ModifiedAt`) VALUES (44,'NUEVA EPS','EPSS37','ASTREA',14,7,198,'Subsidiado','Activo','','2020-10-16 08:59:46','',NULL);
INSERT INTO `rg_mp_em` (`EmId`,`Eps`,`Codigo`,`Municipio`,`EpsId`,`MunicipioId`,`Valor`,`Tipo`,`Estado`,`CreatedBy`,`CreatedAt`,`ModifiedBy`,`ModifiedAt`) VALUES (45,'CAJACOPI','CCF055','BECERRIL',1,5,2591,'Subsidiado','Activo','','2020-10-16 08:59:46','',NULL);
INSERT INTO `rg_mp_em` (`EmId`,`Eps`,`Codigo`,`Municipio`,`EpsId`,`MunicipioId`,`Valor`,`Tipo`,`Estado`,`CreatedBy`,`CreatedAt`,`ModifiedBy`,`ModifiedAt`) VALUES (46,'DUSAKAWI','EPSI01','BECERRIL',2,5,2768,'Subsidiado','Activo','','2020-10-16 08:59:46','',NULL);
INSERT INTO `rg_mp_em` (`EmId`,`Eps`,`Codigo`,`Municipio`,`EpsId`,`MunicipioId`,`Valor`,`Tipo`,`Estado`,`CreatedBy`,`CreatedAt`,`ModifiedBy`,`ModifiedAt`) VALUES (47,'AMBUQ','ESS076','BECERRIL',6,5,4280,'Subsidiado','Activo','','2020-10-16 08:59:46','',NULL);
INSERT INTO `rg_mp_em` (`EmId`,`Eps`,`Codigo`,`Municipio`,`EpsId`,`MunicipioId`,`Valor`,`Tipo`,`Estado`,`CreatedBy`,`CreatedAt`,`ModifiedBy`,`ModifiedAt`) VALUES (48,'COMPARTA','ESS133','BECERRIL',7,5,4092,'Subsidiado','Activo','','2020-10-16 08:59:46','',NULL);
INSERT INTO `rg_mp_em` (`EmId`,`Eps`,`Codigo`,`Municipio`,`EpsId`,`MunicipioId`,`Valor`,`Tipo`,`Estado`,`CreatedBy`,`CreatedAt`,`ModifiedBy`,`ModifiedAt`) VALUES (49,'NUEVA EPS','EPSS41','BECERRIL',8,5,1667,'Subsidiado','Activo','','2020-10-16 08:59:46','',NULL);
INSERT INTO `rg_mp_em` (`EmId`,`Eps`,`Codigo`,`Municipio`,`EpsId`,`MunicipioId`,`Valor`,`Tipo`,`Estado`,`CreatedBy`,`CreatedAt`,`ModifiedBy`,`ModifiedAt`) VALUES (50,'SALUDVIDA','EPSM33','BECERRIL',9,5,1,'Subsidiado','Activo','','2020-10-16 08:59:46','',NULL);
INSERT INTO `rg_mp_em` (`EmId`,`Eps`,`Codigo`,`Municipio`,`EpsId`,`MunicipioId`,`Valor`,`Tipo`,`Estado`,`CreatedBy`,`CreatedAt`,`ModifiedBy`,`ModifiedAt`) VALUES (51,'NUEVA EPS','EPSS37','BECERRIL',14,5,250,'Subsidiado','Activo','','2020-10-16 08:59:46','',NULL);
INSERT INTO `rg_mp_em` (`EmId`,`Eps`,`Codigo`,`Municipio`,`EpsId`,`MunicipioId`,`Valor`,`Tipo`,`Estado`,`CreatedBy`,`CreatedAt`,`ModifiedBy`,`ModifiedAt`) VALUES (52,'CAJACOPI','CCF055','BOSCONIA',1,8,13323,'Subsidiado','Activo','','2020-10-16 08:59:46','',NULL);
INSERT INTO `rg_mp_em` (`EmId`,`Eps`,`Codigo`,`Municipio`,`EpsId`,`MunicipioId`,`Valor`,`Tipo`,`Estado`,`CreatedBy`,`CreatedAt`,`ModifiedBy`,`ModifiedAt`) VALUES (53,'SALUDVIDA','EPSS33','BOSCONIA',3,8,3608,'Subsidiado','Activo','','2020-10-16 08:59:46','',NULL);
INSERT INTO `rg_mp_em` (`EmId`,`Eps`,`Codigo`,`Municipio`,`EpsId`,`MunicipioId`,`Valor`,`Tipo`,`Estado`,`CreatedBy`,`CreatedAt`,`ModifiedBy`,`ModifiedAt`) VALUES (54,'COOSALUD','ESS024','BOSCONIA',4,8,6,'Subsidiado','Activo','','2020-10-16 08:59:46','',NULL);
INSERT INTO `rg_mp_em` (`EmId`,`Eps`,`Codigo`,`Municipio`,`EpsId`,`MunicipioId`,`Valor`,`Tipo`,`Estado`,`CreatedBy`,`CreatedAt`,`ModifiedBy`,`ModifiedAt`) VALUES (55,'ASMET','ESS062','BOSCONIA',5,8,4091,'Subsidiado','Activo','','2020-10-16 08:59:46','',NULL);
INSERT INTO `rg_mp_em` (`EmId`,`Eps`,`Codigo`,`Municipio`,`EpsId`,`MunicipioId`,`Valor`,`Tipo`,`Estado`,`CreatedBy`,`CreatedAt`,`ModifiedBy`,`ModifiedAt`) VALUES (56,'AMBUQ','ESS076','BOSCONIA',6,8,6250,'Subsidiado','Activo','','2020-10-16 08:59:46','',NULL);
INSERT INTO `rg_mp_em` (`EmId`,`Eps`,`Codigo`,`Municipio`,`EpsId`,`MunicipioId`,`Valor`,`Tipo`,`Estado`,`CreatedBy`,`CreatedAt`,`ModifiedBy`,`ModifiedAt`) VALUES (57,'COMPARTA','ESS133','BOSCONIA',7,8,3132,'Subsidiado','Activo','','2020-10-16 08:59:46','',NULL);
INSERT INTO `rg_mp_em` (`EmId`,`Eps`,`Codigo`,`Municipio`,`EpsId`,`MunicipioId`,`Valor`,`Tipo`,`Estado`,`CreatedBy`,`CreatedAt`,`ModifiedBy`,`ModifiedAt`) VALUES (58,'NUEVA EPS','EPSS41','BOSCONIA',8,8,2553,'Subsidiado','Activo','','2020-10-16 08:59:46','',NULL);
INSERT INTO `rg_mp_em` (`EmId`,`Eps`,`Codigo`,`Municipio`,`EpsId`,`MunicipioId`,`Valor`,`Tipo`,`Estado`,`CreatedBy`,`CreatedAt`,`ModifiedBy`,`ModifiedAt`) VALUES (59,'SALUDVIDA','EPSM33','BOSCONIA',9,8,66,'Subsidiado','Activo','','2020-10-16 08:59:46','',NULL);
INSERT INTO `rg_mp_em` (`EmId`,`Eps`,`Codigo`,`Municipio`,`EpsId`,`MunicipioId`,`Valor`,`Tipo`,`Estado`,`CreatedBy`,`CreatedAt`,`ModifiedBy`,`ModifiedAt`) VALUES (60,'SALUDTOTAL','EPSS02','BOSCONIA',10,8,182,'Subsidiado','Activo','','2020-10-16 08:59:46','',NULL);
INSERT INTO `rg_mp_em` (`EmId`,`Eps`,`Codigo`,`Municipio`,`EpsId`,`MunicipioId`,`Valor`,`Tipo`,`Estado`,`CreatedBy`,`CreatedAt`,`ModifiedBy`,`ModifiedAt`) VALUES (61,'COOMEVA','EPSS16','BOSCONIA',12,8,500,'Subsidiado','Activo','','2020-10-16 08:59:46','',NULL);
INSERT INTO `rg_mp_em` (`EmId`,`Eps`,`Codigo`,`Municipio`,`EpsId`,`MunicipioId`,`Valor`,`Tipo`,`Estado`,`CreatedBy`,`CreatedAt`,`ModifiedBy`,`ModifiedAt`) VALUES (62,'NUEVA EPS','EPSS37','BOSCONIA',14,8,273,'Subsidiado','Activo','','2020-10-16 08:59:46','',NULL);
INSERT INTO `rg_mp_em` (`EmId`,`Eps`,`Codigo`,`Municipio`,`EpsId`,`MunicipioId`,`Valor`,`Tipo`,`Estado`,`CreatedBy`,`CreatedAt`,`ModifiedBy`,`ModifiedAt`) VALUES (63,'MUTUALSER','ESS207','BOSCONIA',16,8,1,'Subsidiado','Activo','','2020-10-16 08:59:46','',NULL);
INSERT INTO `rg_mp_em` (`EmId`,`Eps`,`Codigo`,`Municipio`,`EpsId`,`MunicipioId`,`Valor`,`Tipo`,`Estado`,`CreatedBy`,`CreatedAt`,`ModifiedBy`,`ModifiedAt`) VALUES (64,'CAJACOPI','CCF055','CHIMICHAGUA',1,9,12514,'Subsidiado','Activo','','2020-10-16 08:59:46','',NULL);
INSERT INTO `rg_mp_em` (`EmId`,`Eps`,`Codigo`,`Municipio`,`EpsId`,`MunicipioId`,`Valor`,`Tipo`,`Estado`,`CreatedBy`,`CreatedAt`,`ModifiedBy`,`ModifiedAt`) VALUES (65,'DUSAKAWI','EPSI01','CHIMICHAGUA',2,9,1674,'Subsidiado','Activo','','2020-10-16 08:59:46','',NULL);
INSERT INTO `rg_mp_em` (`EmId`,`Eps`,`Codigo`,`Municipio`,`EpsId`,`MunicipioId`,`Valor`,`Tipo`,`Estado`,`CreatedBy`,`CreatedAt`,`ModifiedBy`,`ModifiedAt`) VALUES (66,'SALUDVIDA','EPSS33','CHIMICHAGUA',3,9,1365,'Subsidiado','Activo','','2020-10-16 08:59:46','',NULL);
INSERT INTO `rg_mp_em` (`EmId`,`Eps`,`Codigo`,`Municipio`,`EpsId`,`MunicipioId`,`Valor`,`Tipo`,`Estado`,`CreatedBy`,`CreatedAt`,`ModifiedBy`,`ModifiedAt`) VALUES (67,'COOSALUD','ESS024','CHIMICHAGUA',4,9,886,'Subsidiado','Activo','','2020-10-16 08:59:46','',NULL);
INSERT INTO `rg_mp_em` (`EmId`,`Eps`,`Codigo`,`Municipio`,`EpsId`,`MunicipioId`,`Valor`,`Tipo`,`Estado`,`CreatedBy`,`CreatedAt`,`ModifiedBy`,`ModifiedAt`) VALUES (68,'ASMET','ESS062','CHIMICHAGUA',5,9,4551,'Subsidiado','Activo','','2020-10-16 08:59:46','',NULL);
INSERT INTO `rg_mp_em` (`EmId`,`Eps`,`Codigo`,`Municipio`,`EpsId`,`MunicipioId`,`Valor`,`Tipo`,`Estado`,`CreatedBy`,`CreatedAt`,`ModifiedBy`,`ModifiedAt`) VALUES (69,'AMBUQ','ESS076','CHIMICHAGUA',6,9,3008,'Subsidiado','Activo','','2020-10-16 08:59:46','',NULL);
INSERT INTO `rg_mp_em` (`EmId`,`Eps`,`Codigo`,`Municipio`,`EpsId`,`MunicipioId`,`Valor`,`Tipo`,`Estado`,`CreatedBy`,`CreatedAt`,`ModifiedBy`,`ModifiedAt`) VALUES (70,'NUEVA EPS','EPSS41','CHIMICHAGUA',8,9,4012,'Subsidiado','Activo','','2020-10-16 08:59:46','',NULL);
INSERT INTO `rg_mp_em` (`EmId`,`Eps`,`Codigo`,`Municipio`,`EpsId`,`MunicipioId`,`Valor`,`Tipo`,`Estado`,`CreatedBy`,`CreatedAt`,`ModifiedBy`,`ModifiedAt`) VALUES (71,'SALUDVIDA','EPSM33','CHIMICHAGUA',9,9,109,'Subsidiado','Activo','','2020-10-16 08:59:46','',NULL);
INSERT INTO `rg_mp_em` (`EmId`,`Eps`,`Codigo`,`Municipio`,`EpsId`,`MunicipioId`,`Valor`,`Tipo`,`Estado`,`CreatedBy`,`CreatedAt`,`ModifiedBy`,`ModifiedAt`) VALUES (72,'NUEVA EPS','EPSS37','CHIMICHAGUA',14,9,224,'Subsidiado','Activo','','2020-10-16 08:59:46','',NULL);
INSERT INTO `rg_mp_em` (`EmId`,`Eps`,`Codigo`,`Municipio`,`EpsId`,`MunicipioId`,`Valor`,`Tipo`,`Estado`,`CreatedBy`,`CreatedAt`,`ModifiedBy`,`ModifiedAt`) VALUES (73,'CAJACOPI','CCF055','CHIRIGUANA',1,10,14854,'Subsidiado','Activo','','2020-10-16 08:59:46','',NULL);
INSERT INTO `rg_mp_em` (`EmId`,`Eps`,`Codigo`,`Municipio`,`EpsId`,`MunicipioId`,`Valor`,`Tipo`,`Estado`,`CreatedBy`,`CreatedAt`,`ModifiedBy`,`ModifiedAt`) VALUES (74,'SALUDVIDA','EPSS33','CHIRIGUANA',3,10,3861,'Subsidiado','Activo','','2020-10-16 08:59:46','',NULL);
INSERT INTO `rg_mp_em` (`EmId`,`Eps`,`Codigo`,`Municipio`,`EpsId`,`MunicipioId`,`Valor`,`Tipo`,`Estado`,`CreatedBy`,`CreatedAt`,`ModifiedBy`,`ModifiedAt`) VALUES (75,'COOSALUD','ESS024','CHIRIGUANA',4,10,612,'Subsidiado','Activo','','2020-10-16 08:59:46','',NULL);
INSERT INTO `rg_mp_em` (`EmId`,`Eps`,`Codigo`,`Municipio`,`EpsId`,`MunicipioId`,`Valor`,`Tipo`,`Estado`,`CreatedBy`,`CreatedAt`,`ModifiedBy`,`ModifiedAt`) VALUES (76,'NUEVA EPS','EPSS41','CHIRIGUANA',8,10,2688,'Subsidiado','Activo','','2020-10-16 08:59:46','',NULL);
INSERT INTO `rg_mp_em` (`EmId`,`Eps`,`Codigo`,`Municipio`,`EpsId`,`MunicipioId`,`Valor`,`Tipo`,`Estado`,`CreatedBy`,`CreatedAt`,`ModifiedBy`,`ModifiedAt`) VALUES (77,'SALUDVIDA','EPSM33','CHIRIGUANA',9,10,73,'Subsidiado','Activo','','2020-10-16 08:59:46','',NULL);
INSERT INTO `rg_mp_em` (`EmId`,`Eps`,`Codigo`,`Municipio`,`EpsId`,`MunicipioId`,`Valor`,`Tipo`,`Estado`,`CreatedBy`,`CreatedAt`,`ModifiedBy`,`ModifiedAt`) VALUES (78,'SALUDTOTAL','EPSS02','CHIRIGUANA',10,10,988,'Subsidiado','Activo','','2020-10-16 08:59:46','',NULL);
INSERT INTO `rg_mp_em` (`EmId`,`Eps`,`Codigo`,`Municipio`,`EpsId`,`MunicipioId`,`Valor`,`Tipo`,`Estado`,`CreatedBy`,`CreatedAt`,`ModifiedBy`,`ModifiedAt`) VALUES (79,'NUEVA EPS','EPSS37','CHIRIGUANA',14,10,194,'Subsidiado','Activo','','2020-10-16 08:59:46','',NULL);
INSERT INTO `rg_mp_em` (`EmId`,`Eps`,`Codigo`,`Municipio`,`EpsId`,`MunicipioId`,`Valor`,`Tipo`,`Estado`,`CreatedBy`,`CreatedAt`,`ModifiedBy`,`ModifiedAt`) VALUES (80,'CAJACOPI','CCF055','CURUMANI',1,11,2657,'Subsidiado','Activo','','2020-10-16 08:59:46','',NULL);
INSERT INTO `rg_mp_em` (`EmId`,`Eps`,`Codigo`,`Municipio`,`EpsId`,`MunicipioId`,`Valor`,`Tipo`,`Estado`,`CreatedBy`,`CreatedAt`,`ModifiedBy`,`ModifiedAt`) VALUES (81,'SALUDVIDA','EPSS33','CURUMANI',3,11,5336,'Subsidiado','Activo','','2020-10-16 08:59:46','',NULL);
INSERT INTO `rg_mp_em` (`EmId`,`Eps`,`Codigo`,`Municipio`,`EpsId`,`MunicipioId`,`Valor`,`Tipo`,`Estado`,`CreatedBy`,`CreatedAt`,`ModifiedBy`,`ModifiedAt`) VALUES (82,'COOSALUD','ESS024','CURUMANI',4,11,7712,'Subsidiado','Activo','','2020-10-16 08:59:46','',NULL);
INSERT INTO `rg_mp_em` (`EmId`,`Eps`,`Codigo`,`Municipio`,`EpsId`,`MunicipioId`,`Valor`,`Tipo`,`Estado`,`CreatedBy`,`CreatedAt`,`ModifiedBy`,`ModifiedAt`) VALUES (83,'ASMET','ESS062','CURUMANI',5,11,11184,'Subsidiado','Activo','','2020-10-16 08:59:46','',NULL);
INSERT INTO `rg_mp_em` (`EmId`,`Eps`,`Codigo`,`Municipio`,`EpsId`,`MunicipioId`,`Valor`,`Tipo`,`Estado`,`CreatedBy`,`CreatedAt`,`ModifiedBy`,`ModifiedAt`) VALUES (84,'NUEVA EPS','EPSS41','CURUMANI',8,11,3167,'Subsidiado','Activo','','2020-10-16 08:59:46','',NULL);
INSERT INTO `rg_mp_em` (`EmId`,`Eps`,`Codigo`,`Municipio`,`EpsId`,`MunicipioId`,`Valor`,`Tipo`,`Estado`,`CreatedBy`,`CreatedAt`,`ModifiedBy`,`ModifiedAt`) VALUES (85,'SALUDVIDA','EPSM33','CURUMANI',9,11,77,'Subsidiado','Activo','','2020-10-16 08:59:46','',NULL);
INSERT INTO `rg_mp_em` (`EmId`,`Eps`,`Codigo`,`Municipio`,`EpsId`,`MunicipioId`,`Valor`,`Tipo`,`Estado`,`CreatedBy`,`CreatedAt`,`ModifiedBy`,`ModifiedAt`) VALUES (86,'NUEVA EPS','EPSS37','CURUMANI',14,11,651,'Subsidiado','Activo','','2020-10-16 08:59:46','',NULL);
INSERT INTO `rg_mp_em` (`EmId`,`Eps`,`Codigo`,`Municipio`,`EpsId`,`MunicipioId`,`Valor`,`Tipo`,`Estado`,`CreatedBy`,`CreatedAt`,`ModifiedBy`,`ModifiedAt`) VALUES (87,'SALUDVIDA','EPSS33','EL COPEY',3,12,3431,'Subsidiado','Activo','','2020-10-16 08:59:46','',NULL);
INSERT INTO `rg_mp_em` (`EmId`,`Eps`,`Codigo`,`Municipio`,`EpsId`,`MunicipioId`,`Valor`,`Tipo`,`Estado`,`CreatedBy`,`CreatedAt`,`ModifiedBy`,`ModifiedAt`) VALUES (88,'COOSALUD','ESS024','EL COPEY',4,12,6137,'Subsidiado','Activo','','2020-10-16 08:59:46','',NULL);
INSERT INTO `rg_mp_em` (`EmId`,`Eps`,`Codigo`,`Municipio`,`EpsId`,`MunicipioId`,`Valor`,`Tipo`,`Estado`,`CreatedBy`,`CreatedAt`,`ModifiedBy`,`ModifiedAt`) VALUES (89,'ASMET','ESS062','EL COPEY',5,12,3929,'Subsidiado','Activo','','2020-10-16 08:59:46','',NULL);
INSERT INTO `rg_mp_em` (`EmId`,`Eps`,`Codigo`,`Municipio`,`EpsId`,`MunicipioId`,`Valor`,`Tipo`,`Estado`,`CreatedBy`,`CreatedAt`,`ModifiedBy`,`ModifiedAt`) VALUES (90,'AMBUQ','ESS076','EL COPEY',6,12,7055,'Subsidiado','Activo','','2020-10-16 08:59:46','',NULL);
INSERT INTO `rg_mp_em` (`EmId`,`Eps`,`Codigo`,`Municipio`,`EpsId`,`MunicipioId`,`Valor`,`Tipo`,`Estado`,`CreatedBy`,`CreatedAt`,`ModifiedBy`,`ModifiedAt`) VALUES (91,'NUEVA EPS','EPSS41','EL COPEY',8,12,1859,'Subsidiado','Activo','','2020-10-16 08:59:46','',NULL);
INSERT INTO `rg_mp_em` (`EmId`,`Eps`,`Codigo`,`Municipio`,`EpsId`,`MunicipioId`,`Valor`,`Tipo`,`Estado`,`CreatedBy`,`CreatedAt`,`ModifiedBy`,`ModifiedAt`) VALUES (92,'SALUDVIDA','EPSM33','EL COPEY',9,12,71,'Subsidiado','Activo','','2020-10-16 08:59:46','',NULL);
INSERT INTO `rg_mp_em` (`EmId`,`Eps`,`Codigo`,`Municipio`,`EpsId`,`MunicipioId`,`Valor`,`Tipo`,`Estado`,`CreatedBy`,`CreatedAt`,`ModifiedBy`,`ModifiedAt`) VALUES (93,'SALUDTOTAL','EPSS02','EL COPEY',10,12,412,'Subsidiado','Activo','','2020-10-16 08:59:46','',NULL);
INSERT INTO `rg_mp_em` (`EmId`,`Eps`,`Codigo`,`Municipio`,`EpsId`,`MunicipioId`,`Valor`,`Tipo`,`Estado`,`CreatedBy`,`CreatedAt`,`ModifiedBy`,`ModifiedAt`) VALUES (94,'NUEVA EPS','EPSS37','EL COPEY',14,12,166,'Subsidiado','Activo','','2020-10-16 08:59:46','',NULL);
INSERT INTO `rg_mp_em` (`EmId`,`Eps`,`Codigo`,`Municipio`,`EpsId`,`MunicipioId`,`Valor`,`Tipo`,`Estado`,`CreatedBy`,`CreatedAt`,`ModifiedBy`,`ModifiedAt`) VALUES (95,'CAJACOPI','CCF055','EL PASO',1,13,8914,'Subsidiado','Activo','','2020-10-16 08:59:46','',NULL);
INSERT INTO `rg_mp_em` (`EmId`,`Eps`,`Codigo`,`Municipio`,`EpsId`,`MunicipioId`,`Valor`,`Tipo`,`Estado`,`CreatedBy`,`CreatedAt`,`ModifiedBy`,`ModifiedAt`) VALUES (96,'SALUDVIDA','EPSS33','EL PASO',3,13,3689,'Subsidiado','Activo','','2020-10-16 08:59:46','',NULL);
INSERT INTO `rg_mp_em` (`EmId`,`Eps`,`Codigo`,`Municipio`,`EpsId`,`MunicipioId`,`Valor`,`Tipo`,`Estado`,`CreatedBy`,`CreatedAt`,`ModifiedBy`,`ModifiedAt`) VALUES (97,'COOSALUD','ESS024','EL PASO',4,13,431,'Subsidiado','Activo','','2020-10-16 08:59:46','',NULL);
INSERT INTO `rg_mp_em` (`EmId`,`Eps`,`Codigo`,`Municipio`,`EpsId`,`MunicipioId`,`Valor`,`Tipo`,`Estado`,`CreatedBy`,`CreatedAt`,`ModifiedBy`,`ModifiedAt`) VALUES (98,'AMBUQ','ESS076','EL PASO',6,13,7009,'Subsidiado','Activo','','2020-10-16 08:59:46','',NULL);
INSERT INTO `rg_mp_em` (`EmId`,`Eps`,`Codigo`,`Municipio`,`EpsId`,`MunicipioId`,`Valor`,`Tipo`,`Estado`,`CreatedBy`,`CreatedAt`,`ModifiedBy`,`ModifiedAt`) VALUES (99,'NUEVA EPS','EPSS41','EL PASO',8,13,1638,'Subsidiado','Activo','','2020-10-16 08:59:46','',NULL);
INSERT INTO `rg_mp_em` (`EmId`,`Eps`,`Codigo`,`Municipio`,`EpsId`,`MunicipioId`,`Valor`,`Tipo`,`Estado`,`CreatedBy`,`CreatedAt`,`ModifiedBy`,`ModifiedAt`) VALUES (100,'SALUDVIDA','EPSM33','EL PASO',9,13,67,'Subsidiado','Activo','','2020-10-16 08:59:46','',NULL);
INSERT INTO `rg_mp_em` (`EmId`,`Eps`,`Codigo`,`Municipio`,`EpsId`,`MunicipioId`,`Valor`,`Tipo`,`Estado`,`CreatedBy`,`CreatedAt`,`ModifiedBy`,`ModifiedAt`) VALUES (101,'SALUDTOTAL','EPSS02','EL PASO',10,13,2156,'Subsidiado','Activo','','2020-10-16 08:59:46','',NULL);
INSERT INTO `rg_mp_em` (`EmId`,`Eps`,`Codigo`,`Municipio`,`EpsId`,`MunicipioId`,`Valor`,`Tipo`,`Estado`,`CreatedBy`,`CreatedAt`,`ModifiedBy`,`ModifiedAt`) VALUES (102,'NUEVA EPS','EPSS37','EL PASO',14,13,125,'Subsidiado','Activo','','2020-10-16 08:59:46','',NULL);
INSERT INTO `rg_mp_em` (`EmId`,`Eps`,`Codigo`,`Municipio`,`EpsId`,`MunicipioId`,`Valor`,`Tipo`,`Estado`,`CreatedBy`,`CreatedAt`,`ModifiedBy`,`ModifiedAt`) VALUES (103,'CAJACOPI','CCF055','GAMARRA',1,14,2384,'Subsidiado','Activo','','2020-10-16 08:59:46','',NULL);
INSERT INTO `rg_mp_em` (`EmId`,`Eps`,`Codigo`,`Municipio`,`EpsId`,`MunicipioId`,`Valor`,`Tipo`,`Estado`,`CreatedBy`,`CreatedAt`,`ModifiedBy`,`ModifiedAt`) VALUES (104,'SALUDVIDA','EPSS33','GAMARRA',3,14,1673,'Subsidiado','Activo','','2020-10-16 08:59:46','',NULL);
INSERT INTO `rg_mp_em` (`EmId`,`Eps`,`Codigo`,`Municipio`,`EpsId`,`MunicipioId`,`Valor`,`Tipo`,`Estado`,`CreatedBy`,`CreatedAt`,`ModifiedBy`,`ModifiedAt`) VALUES (105,'ASMET','ESS062','GAMARRA',5,14,2518,'Subsidiado','Activo','','2020-10-16 08:59:46','',NULL);
INSERT INTO `rg_mp_em` (`EmId`,`Eps`,`Codigo`,`Municipio`,`EpsId`,`MunicipioId`,`Valor`,`Tipo`,`Estado`,`CreatedBy`,`CreatedAt`,`ModifiedBy`,`ModifiedAt`) VALUES (106,'AMBUQ','ESS076','GAMARRA',6,14,2019,'Subsidiado','Activo','','2020-10-16 08:59:46','',NULL);
INSERT INTO `rg_mp_em` (`EmId`,`Eps`,`Codigo`,`Municipio`,`EpsId`,`MunicipioId`,`Valor`,`Tipo`,`Estado`,`CreatedBy`,`CreatedAt`,`ModifiedBy`,`ModifiedAt`) VALUES (107,'COMPARTA','ESS133','GAMARRA',7,14,1,'Subsidiado','Activo','','2020-10-16 08:59:46','',NULL);
INSERT INTO `rg_mp_em` (`EmId`,`Eps`,`Codigo`,`Municipio`,`EpsId`,`MunicipioId`,`Valor`,`Tipo`,`Estado`,`CreatedBy`,`CreatedAt`,`ModifiedBy`,`ModifiedAt`) VALUES (108,'NUEVA EPS','EPSS41','GAMARRA',8,14,1614,'Subsidiado','Activo','','2020-10-16 08:59:46','',NULL);
INSERT INTO `rg_mp_em` (`EmId`,`Eps`,`Codigo`,`Municipio`,`EpsId`,`MunicipioId`,`Valor`,`Tipo`,`Estado`,`CreatedBy`,`CreatedAt`,`ModifiedBy`,`ModifiedAt`) VALUES (109,'SALUDVIDA','EPSM33','GAMARRA',9,14,41,'Subsidiado','Activo','','2020-10-16 08:59:46','',NULL);
INSERT INTO `rg_mp_em` (`EmId`,`Eps`,`Codigo`,`Municipio`,`EpsId`,`MunicipioId`,`Valor`,`Tipo`,`Estado`,`CreatedBy`,`CreatedAt`,`ModifiedBy`,`ModifiedAt`) VALUES (110,'NUEVA EPS','EPSS37','GAMARRA',14,14,124,'Subsidiado','Activo','','2020-10-16 08:59:46','',NULL);
INSERT INTO `rg_mp_em` (`EmId`,`Eps`,`Codigo`,`Municipio`,`EpsId`,`MunicipioId`,`Valor`,`Tipo`,`Estado`,`CreatedBy`,`CreatedAt`,`ModifiedBy`,`ModifiedAt`) VALUES (111,'COMPARTA','ESS133','GONZALEZ',7,15,2418,'Subsidiado','Activo','','2020-10-16 08:59:46','',NULL);
INSERT INTO `rg_mp_em` (`EmId`,`Eps`,`Codigo`,`Municipio`,`EpsId`,`MunicipioId`,`Valor`,`Tipo`,`Estado`,`CreatedBy`,`CreatedAt`,`ModifiedBy`,`ModifiedAt`) VALUES (112,'NUEVA EPS','EPSS41','GONZALEZ',8,15,1144,'Subsidiado','Activo','','2020-10-16 08:59:46','',NULL);
INSERT INTO `rg_mp_em` (`EmId`,`Eps`,`Codigo`,`Municipio`,`EpsId`,`MunicipioId`,`Valor`,`Tipo`,`Estado`,`CreatedBy`,`CreatedAt`,`ModifiedBy`,`ModifiedAt`) VALUES (113,'NUEVA EPS','EPSS37','GONZALEZ',14,15,64,'Subsidiado','Activo','','2020-10-16 08:59:46','',NULL);
INSERT INTO `rg_mp_em` (`EmId`,`Eps`,`Codigo`,`Municipio`,`EpsId`,`MunicipioId`,`Valor`,`Tipo`,`Estado`,`CreatedBy`,`CreatedAt`,`ModifiedBy`,`ModifiedAt`) VALUES (114,'CAJACOPI','CCF055','LA GLORIA',1,16,1619,'Subsidiado','Activo','','2020-10-16 08:59:46','',NULL);
INSERT INTO `rg_mp_em` (`EmId`,`Eps`,`Codigo`,`Municipio`,`EpsId`,`MunicipioId`,`Valor`,`Tipo`,`Estado`,`CreatedBy`,`CreatedAt`,`ModifiedBy`,`ModifiedAt`) VALUES (115,'SALUDVIDA','EPSS33','LA GLORIA',3,16,2732,'Subsidiado','Activo','','2020-10-16 08:59:46','',NULL);
INSERT INTO `rg_mp_em` (`EmId`,`Eps`,`Codigo`,`Municipio`,`EpsId`,`MunicipioId`,`Valor`,`Tipo`,`Estado`,`CreatedBy`,`CreatedAt`,`ModifiedBy`,`ModifiedAt`) VALUES (116,'AMBUQ','ESS076','LA GLORIA',6,16,4797,'Subsidiado','Activo','','2020-10-16 08:59:46','',NULL);
INSERT INTO `rg_mp_em` (`EmId`,`Eps`,`Codigo`,`Municipio`,`EpsId`,`MunicipioId`,`Valor`,`Tipo`,`Estado`,`CreatedBy`,`CreatedAt`,`ModifiedBy`,`ModifiedAt`) VALUES (117,'NUEVA EPS','EPSS41','LA GLORIA',8,16,1038,'Subsidiado','Activo','','2020-10-16 08:59:46','',NULL);
INSERT INTO `rg_mp_em` (`EmId`,`Eps`,`Codigo`,`Municipio`,`EpsId`,`MunicipioId`,`Valor`,`Tipo`,`Estado`,`CreatedBy`,`CreatedAt`,`ModifiedBy`,`ModifiedAt`) VALUES (118,'SALUDVIDA','EPSM33','LA GLORIA',9,16,135,'Subsidiado','Activo','','2020-10-16 08:59:46','',NULL);
INSERT INTO `rg_mp_em` (`EmId`,`Eps`,`Codigo`,`Municipio`,`EpsId`,`MunicipioId`,`Valor`,`Tipo`,`Estado`,`CreatedBy`,`CreatedAt`,`ModifiedBy`,`ModifiedAt`) VALUES (119,'NUEVA EPS','EPSS37','LA GLORIA',14,16,103,'Subsidiado','Activo','','2020-10-16 08:59:46','',NULL);
INSERT INTO `rg_mp_em` (`EmId`,`Eps`,`Codigo`,`Municipio`,`EpsId`,`MunicipioId`,`Valor`,`Tipo`,`Estado`,`CreatedBy`,`CreatedAt`,`ModifiedBy`,`ModifiedAt`) VALUES (120,'CAJACOPI','CCF055','LA JAGUA DE IBIRICO',1,17,2,'Subsidiado','Activo','','2020-10-16 08:59:46','',NULL);
INSERT INTO `rg_mp_em` (`EmId`,`Eps`,`Codigo`,`Municipio`,`EpsId`,`MunicipioId`,`Valor`,`Tipo`,`Estado`,`CreatedBy`,`CreatedAt`,`ModifiedBy`,`ModifiedAt`) VALUES (121,'SALUDVIDA','EPSS33','LA JAGUA DE IBIRICO',3,17,3251,'Subsidiado','Activo','','2020-10-16 08:59:46','',NULL);
INSERT INTO `rg_mp_em` (`EmId`,`Eps`,`Codigo`,`Municipio`,`EpsId`,`MunicipioId`,`Valor`,`Tipo`,`Estado`,`CreatedBy`,`CreatedAt`,`ModifiedBy`,`ModifiedAt`) VALUES (122,'COOSALUD','ESS024','LA JAGUA DE IBIRICO',4,17,9386,'Subsidiado','Activo','','2020-10-16 08:59:46','',NULL);
INSERT INTO `rg_mp_em` (`EmId`,`Eps`,`Codigo`,`Municipio`,`EpsId`,`MunicipioId`,`Valor`,`Tipo`,`Estado`,`CreatedBy`,`CreatedAt`,`ModifiedBy`,`ModifiedAt`) VALUES (123,'ASMET','ESS062','LA JAGUA DE IBIRICO',5,17,8077,'Subsidiado','Activo','','2020-10-16 08:59:46','',NULL);
INSERT INTO `rg_mp_em` (`EmId`,`Eps`,`Codigo`,`Municipio`,`EpsId`,`MunicipioId`,`Valor`,`Tipo`,`Estado`,`CreatedBy`,`CreatedAt`,`ModifiedBy`,`ModifiedAt`) VALUES (124,'NUEVA EPS','EPSS41','LA JAGUA DE IBIRICO',8,17,1566,'Subsidiado','Activo','','2020-10-16 08:59:46','',NULL);
INSERT INTO `rg_mp_em` (`EmId`,`Eps`,`Codigo`,`Municipio`,`EpsId`,`MunicipioId`,`Valor`,`Tipo`,`Estado`,`CreatedBy`,`CreatedAt`,`ModifiedBy`,`ModifiedAt`) VALUES (125,'SALUDVIDA','EPSM33','LA JAGUA DE IBIRICO',9,17,98,'Subsidiado','Activo','','2020-10-16 08:59:46','',NULL);
INSERT INTO `rg_mp_em` (`EmId`,`Eps`,`Codigo`,`Municipio`,`EpsId`,`MunicipioId`,`Valor`,`Tipo`,`Estado`,`CreatedBy`,`CreatedAt`,`ModifiedBy`,`ModifiedAt`) VALUES (126,'SALUDTOTAL','EPSS02','LA JAGUA DE IBIRICO',10,17,473,'Subsidiado','Activo','','2020-10-16 08:59:46','',NULL);
INSERT INTO `rg_mp_em` (`EmId`,`Eps`,`Codigo`,`Municipio`,`EpsId`,`MunicipioId`,`Valor`,`Tipo`,`Estado`,`CreatedBy`,`CreatedAt`,`ModifiedBy`,`ModifiedAt`) VALUES (127,'COOMEVA','EPSS16','LA JAGUA DE IBIRICO',12,17,567,'Subsidiado','Activo','','2020-10-16 08:59:46','',NULL);
INSERT INTO `rg_mp_em` (`EmId`,`Eps`,`Codigo`,`Municipio`,`EpsId`,`MunicipioId`,`Valor`,`Tipo`,`Estado`,`CreatedBy`,`CreatedAt`,`ModifiedBy`,`ModifiedAt`) VALUES (128,'NUEVA EPS','EPSS37','LA JAGUA DE IBIRICO',14,17,390,'Subsidiado','Activo','','2020-10-16 08:59:46','',NULL);
INSERT INTO `rg_mp_em` (`EmId`,`Eps`,`Codigo`,`Municipio`,`EpsId`,`MunicipioId`,`Valor`,`Tipo`,`Estado`,`CreatedBy`,`CreatedAt`,`ModifiedBy`,`ModifiedAt`) VALUES (129,'CAJACOPI','CCF055','MANAURE',1,18,1,'Subsidiado','Activo','','2020-10-16 08:59:46','',NULL);
INSERT INTO `rg_mp_em` (`EmId`,`Eps`,`Codigo`,`Municipio`,`EpsId`,`MunicipioId`,`Valor`,`Tipo`,`Estado`,`CreatedBy`,`CreatedAt`,`ModifiedBy`,`ModifiedAt`) VALUES (130,'SALUDVIDA','EPSS33','MANAURE',3,18,1595,'Subsidiado','Activo','','2020-10-16 08:59:46','',NULL);
INSERT INTO `rg_mp_em` (`EmId`,`Eps`,`Codigo`,`Municipio`,`EpsId`,`MunicipioId`,`Valor`,`Tipo`,`Estado`,`CreatedBy`,`CreatedAt`,`ModifiedBy`,`ModifiedAt`) VALUES (131,'AMBUQ','ESS076','MANAURE',6,18,2969,'Subsidiado','Activo','','2020-10-16 08:59:46','',NULL);
INSERT INTO `rg_mp_em` (`EmId`,`Eps`,`Codigo`,`Municipio`,`EpsId`,`MunicipioId`,`Valor`,`Tipo`,`Estado`,`CreatedBy`,`CreatedAt`,`ModifiedBy`,`ModifiedAt`) VALUES (132,'COMPARTA','ESS133','MANAURE',7,18,1433,'Subsidiado','Activo','','2020-10-16 08:59:46','',NULL);
INSERT INTO `rg_mp_em` (`EmId`,`Eps`,`Codigo`,`Municipio`,`EpsId`,`MunicipioId`,`Valor`,`Tipo`,`Estado`,`CreatedBy`,`CreatedAt`,`ModifiedBy`,`ModifiedAt`) VALUES (133,'NUEVA EPS','EPSS41','MANAURE',8,18,2524,'Subsidiado','Activo','','2020-10-16 08:59:46','',NULL);
INSERT INTO `rg_mp_em` (`EmId`,`Eps`,`Codigo`,`Municipio`,`EpsId`,`MunicipioId`,`Valor`,`Tipo`,`Estado`,`CreatedBy`,`CreatedAt`,`ModifiedBy`,`ModifiedAt`) VALUES (134,'SALUDVIDA','EPSM33','MANAURE',9,18,35,'Subsidiado','Activo','','2020-10-16 08:59:46','',NULL);
INSERT INTO `rg_mp_em` (`EmId`,`Eps`,`Codigo`,`Municipio`,`EpsId`,`MunicipioId`,`Valor`,`Tipo`,`Estado`,`CreatedBy`,`CreatedAt`,`ModifiedBy`,`ModifiedAt`) VALUES (135,'NUEVA EPS','EPSS37','MANAURE',14,18,94,'Subsidiado','Activo','','2020-10-16 08:59:46','',NULL);
INSERT INTO `rg_mp_em` (`EmId`,`Eps`,`Codigo`,`Municipio`,`EpsId`,`MunicipioId`,`Valor`,`Tipo`,`Estado`,`CreatedBy`,`CreatedAt`,`ModifiedBy`,`ModifiedAt`) VALUES (136,'CAJACOPI','CCF055','PAILITAS',1,19,1759,'Subsidiado','Activo','','2020-10-16 08:59:46','',NULL);
INSERT INTO `rg_mp_em` (`EmId`,`Eps`,`Codigo`,`Municipio`,`EpsId`,`MunicipioId`,`Valor`,`Tipo`,`Estado`,`CreatedBy`,`CreatedAt`,`ModifiedBy`,`ModifiedAt`) VALUES (137,'SALUDVIDA','EPSS33','PAILITAS',3,19,5960,'Subsidiado','Activo','','2020-10-16 08:59:46','',NULL);
INSERT INTO `rg_mp_em` (`EmId`,`Eps`,`Codigo`,`Municipio`,`EpsId`,`MunicipioId`,`Valor`,`Tipo`,`Estado`,`CreatedBy`,`CreatedAt`,`ModifiedBy`,`ModifiedAt`) VALUES (138,'ASMET','ESS062','PAILITAS',5,19,5805,'Subsidiado','Activo','','2020-10-16 08:59:46','',NULL);
INSERT INTO `rg_mp_em` (`EmId`,`Eps`,`Codigo`,`Municipio`,`EpsId`,`MunicipioId`,`Valor`,`Tipo`,`Estado`,`CreatedBy`,`CreatedAt`,`ModifiedBy`,`ModifiedAt`) VALUES (139,'AMBUQ','ESS076','PAILITAS',6,19,4536,'Subsidiado','Activo','','2020-10-16 08:59:46','',NULL);
INSERT INTO `rg_mp_em` (`EmId`,`Eps`,`Codigo`,`Municipio`,`EpsId`,`MunicipioId`,`Valor`,`Tipo`,`Estado`,`CreatedBy`,`CreatedAt`,`ModifiedBy`,`ModifiedAt`) VALUES (140,'SALUDVIDA','EPSM33','PAILITAS',9,19,158,'Subsidiado','Activo','','2020-10-16 08:59:46','',NULL);
INSERT INTO `rg_mp_em` (`EmId`,`Eps`,`Codigo`,`Municipio`,`EpsId`,`MunicipioId`,`Valor`,`Tipo`,`Estado`,`CreatedBy`,`CreatedAt`,`ModifiedBy`,`ModifiedAt`) VALUES (141,'NUEVA EPS','EPSS37','PAILITAS',14,19,25,'Subsidiado','Activo','','2020-10-16 08:59:46','',NULL);
INSERT INTO `rg_mp_em` (`EmId`,`Eps`,`Codigo`,`Municipio`,`EpsId`,`MunicipioId`,`Valor`,`Tipo`,`Estado`,`CreatedBy`,`CreatedAt`,`ModifiedBy`,`ModifiedAt`) VALUES (142,'SALUDVIDA','EPSS33','PELAYA',3,20,4259,'Subsidiado','Activo','','2020-10-16 08:59:46','',NULL);
INSERT INTO `rg_mp_em` (`EmId`,`Eps`,`Codigo`,`Municipio`,`EpsId`,`MunicipioId`,`Valor`,`Tipo`,`Estado`,`CreatedBy`,`CreatedAt`,`ModifiedBy`,`ModifiedAt`) VALUES (143,'ASMET','ESS062','PELAYA',5,20,5946,'Subsidiado','Activo','','2020-10-16 08:59:46','',NULL);
INSERT INTO `rg_mp_em` (`EmId`,`Eps`,`Codigo`,`Municipio`,`EpsId`,`MunicipioId`,`Valor`,`Tipo`,`Estado`,`CreatedBy`,`CreatedAt`,`ModifiedBy`,`ModifiedAt`) VALUES (144,'AMBUQ','ESS076','PELAYA',6,20,3884,'Subsidiado','Activo','','2020-10-16 08:59:46','',NULL);
INSERT INTO `rg_mp_em` (`EmId`,`Eps`,`Codigo`,`Municipio`,`EpsId`,`MunicipioId`,`Valor`,`Tipo`,`Estado`,`CreatedBy`,`CreatedAt`,`ModifiedBy`,`ModifiedAt`) VALUES (145,'NUEVA EPS','EPSS41','PELAYA',8,20,2093,'Subsidiado','Activo','','2020-10-16 08:59:46','',NULL);
INSERT INTO `rg_mp_em` (`EmId`,`Eps`,`Codigo`,`Municipio`,`EpsId`,`MunicipioId`,`Valor`,`Tipo`,`Estado`,`CreatedBy`,`CreatedAt`,`ModifiedBy`,`ModifiedAt`) VALUES (146,'SALUDVIDA','EPSM33','PELAYA',9,20,131,'Subsidiado','Activo','','2020-10-16 08:59:46','',NULL);
INSERT INTO `rg_mp_em` (`EmId`,`Eps`,`Codigo`,`Municipio`,`EpsId`,`MunicipioId`,`Valor`,`Tipo`,`Estado`,`CreatedBy`,`CreatedAt`,`ModifiedBy`,`ModifiedAt`) VALUES (147,'NUEVA EPS','EPSS41','PELAYA',14,20,575,'Subsidiado','Activo','','2020-10-16 08:59:46','',NULL);
INSERT INTO `rg_mp_em` (`EmId`,`Eps`,`Codigo`,`Municipio`,`EpsId`,`MunicipioId`,`Valor`,`Tipo`,`Estado`,`CreatedBy`,`CreatedAt`,`ModifiedBy`,`ModifiedAt`) VALUES (148,'DUSAKAWI','EPSI01','PUEBLO BELLO',2,21,24198,'Subsidiado','Activo','','2020-10-16 08:59:46','',NULL);
INSERT INTO `rg_mp_em` (`EmId`,`Eps`,`Codigo`,`Municipio`,`EpsId`,`MunicipioId`,`Valor`,`Tipo`,`Estado`,`CreatedBy`,`CreatedAt`,`ModifiedBy`,`ModifiedAt`) VALUES (149,'SALUDVIDA','EPSS33','PUEBLO BELLO',3,21,1526,'Subsidiado','Activo','','2020-10-16 08:59:46','',NULL);
INSERT INTO `rg_mp_em` (`EmId`,`Eps`,`Codigo`,`Municipio`,`EpsId`,`MunicipioId`,`Valor`,`Tipo`,`Estado`,`CreatedBy`,`CreatedAt`,`ModifiedBy`,`ModifiedAt`) VALUES (150,'COMPARTA','ESS133','PUEBLO BELLO',7,21,3903,'Subsidiado','Activo','','2020-10-16 08:59:46','',NULL);
INSERT INTO `rg_mp_em` (`EmId`,`Eps`,`Codigo`,`Municipio`,`EpsId`,`MunicipioId`,`Valor`,`Tipo`,`Estado`,`CreatedBy`,`CreatedAt`,`ModifiedBy`,`ModifiedAt`) VALUES (151,'NUEVA EPS','EPSS41','PUEBLO BELLO',8,21,1500,'Subsidiado','Activo','','2020-10-16 08:59:46','',NULL);
INSERT INTO `rg_mp_em` (`EmId`,`Eps`,`Codigo`,`Municipio`,`EpsId`,`MunicipioId`,`Valor`,`Tipo`,`Estado`,`CreatedBy`,`CreatedAt`,`ModifiedBy`,`ModifiedAt`) VALUES (152,'SALUDVIDA','EPSM33','PUEBLO BELLO',9,21,51,'Subsidiado','Activo','','2020-10-16 08:59:46','',NULL);
INSERT INTO `rg_mp_em` (`EmId`,`Eps`,`Codigo`,`Municipio`,`EpsId`,`MunicipioId`,`Valor`,`Tipo`,`Estado`,`CreatedBy`,`CreatedAt`,`ModifiedBy`,`ModifiedAt`) VALUES (153,'NUEVA EPS','EPSS37','PUEBLO BELLO',14,21,80,'Subsidiado','Activo','','2020-10-16 08:59:46','',NULL);
INSERT INTO `rg_mp_em` (`EmId`,`Eps`,`Codigo`,`Municipio`,`EpsId`,`MunicipioId`,`Valor`,`Tipo`,`Estado`,`CreatedBy`,`CreatedAt`,`ModifiedBy`,`ModifiedAt`) VALUES (154,'ASMET','ESS062','RIO DE ORO',5,22,8008,'Subsidiado','Activo','','2020-10-16 08:59:46','',NULL);
INSERT INTO `rg_mp_em` (`EmId`,`Eps`,`Codigo`,`Municipio`,`EpsId`,`MunicipioId`,`Valor`,`Tipo`,`Estado`,`CreatedBy`,`CreatedAt`,`ModifiedBy`,`ModifiedAt`) VALUES (155,'COMPARTA','ESS133','RIO DE ORO',7,22,1368,'Subsidiado','Activo','','2020-10-16 08:59:46','',NULL);
INSERT INTO `rg_mp_em` (`EmId`,`Eps`,`Codigo`,`Municipio`,`EpsId`,`MunicipioId`,`Valor`,`Tipo`,`Estado`,`CreatedBy`,`CreatedAt`,`ModifiedBy`,`ModifiedAt`) VALUES (156,'NUEVA EPS','EPSS37','RIO DE ORO',14,22,3,'Subsidiado','Activo','','2020-10-16 08:59:46','',NULL);
INSERT INTO `rg_mp_em` (`EmId`,`Eps`,`Codigo`,`Municipio`,`EpsId`,`MunicipioId`,`Valor`,`Tipo`,`Estado`,`CreatedBy`,`CreatedAt`,`ModifiedBy`,`ModifiedAt`) VALUES (157,'CAJACOPI','CCF055','LA PAZ  ROBLES',1,2,6306,'Subsidiado','Activo','','2020-10-16 08:59:46','',NULL);
INSERT INTO `rg_mp_em` (`EmId`,`Eps`,`Codigo`,`Municipio`,`EpsId`,`MunicipioId`,`Valor`,`Tipo`,`Estado`,`CreatedBy`,`CreatedAt`,`ModifiedBy`,`ModifiedAt`) VALUES (158,'DUSAKAWI','EPSI01','LA PAZ  ROBLES',2,2,1178,'Subsidiado','Activo','','2020-10-16 08:59:46','',NULL);
INSERT INTO `rg_mp_em` (`EmId`,`Eps`,`Codigo`,`Municipio`,`EpsId`,`MunicipioId`,`Valor`,`Tipo`,`Estado`,`CreatedBy`,`CreatedAt`,`ModifiedBy`,`ModifiedAt`) VALUES (159,'SALUDVIDA','EPSS33','LA PAZ  ROBLES',3,2,5652,'Subsidiado','Activo','','2020-10-16 08:59:46','',NULL);
INSERT INTO `rg_mp_em` (`EmId`,`Eps`,`Codigo`,`Municipio`,`EpsId`,`MunicipioId`,`Valor`,`Tipo`,`Estado`,`CreatedBy`,`CreatedAt`,`ModifiedBy`,`ModifiedAt`) VALUES (160,'COOSALUD','ESS024','LA PAZ  ROBLES',4,2,342,'Subsidiado','Activo','','2020-10-16 08:59:46','',NULL);
INSERT INTO `rg_mp_em` (`EmId`,`Eps`,`Codigo`,`Municipio`,`EpsId`,`MunicipioId`,`Valor`,`Tipo`,`Estado`,`CreatedBy`,`CreatedAt`,`ModifiedBy`,`ModifiedAt`) VALUES (161,'COMPARTA','ESS133','LA PAZ  ROBLES',7,2,3489,'Subsidiado','Activo','','2020-10-16 08:59:46','',NULL);
INSERT INTO `rg_mp_em` (`EmId`,`Eps`,`Codigo`,`Municipio`,`EpsId`,`MunicipioId`,`Valor`,`Tipo`,`Estado`,`CreatedBy`,`CreatedAt`,`ModifiedBy`,`ModifiedAt`) VALUES (162,'NUEVA EPS','EPSS41','LA PAZ  ROBLES',8,2,4195,'Subsidiado','Activo','','2020-10-16 08:59:46','',NULL);
INSERT INTO `rg_mp_em` (`EmId`,`Eps`,`Codigo`,`Municipio`,`EpsId`,`MunicipioId`,`Valor`,`Tipo`,`Estado`,`CreatedBy`,`CreatedAt`,`ModifiedBy`,`ModifiedAt`) VALUES (163,'SALUDVIDA','EPSM33','LA PAZ  ROBLES',9,2,44,'Subsidiado','Activo','','2020-10-16 08:59:46','',NULL);
INSERT INTO `rg_mp_em` (`EmId`,`Eps`,`Codigo`,`Municipio`,`EpsId`,`MunicipioId`,`Valor`,`Tipo`,`Estado`,`CreatedBy`,`CreatedAt`,`ModifiedBy`,`ModifiedAt`) VALUES (164,'NUEVA EPS','EPSS37','LA PAZ  ROBLES',14,2,263,'Subsidiado','Activo','','2020-10-16 08:59:46','',NULL);
INSERT INTO `rg_mp_em` (`EmId`,`Eps`,`Codigo`,`Municipio`,`EpsId`,`MunicipioId`,`Valor`,`Tipo`,`Estado`,`CreatedBy`,`CreatedAt`,`ModifiedBy`,`ModifiedAt`) VALUES (165,'MUTUALSER','ESS207','LA PAZ  ROBLES',16,2,1,'Subsidiado','Activo','','2020-10-16 08:59:46','',NULL);
INSERT INTO `rg_mp_em` (`EmId`,`Eps`,`Codigo`,`Municipio`,`EpsId`,`MunicipioId`,`Valor`,`Tipo`,`Estado`,`CreatedBy`,`CreatedAt`,`ModifiedBy`,`ModifiedAt`) VALUES (166,'CAJACOPI','CCF055','SAN DIEGO',1,3,2453,'Subsidiado','Activo','','2020-10-16 08:59:46','',NULL);
INSERT INTO `rg_mp_em` (`EmId`,`Eps`,`Codigo`,`Municipio`,`EpsId`,`MunicipioId`,`Valor`,`Tipo`,`Estado`,`CreatedBy`,`CreatedAt`,`ModifiedBy`,`ModifiedAt`) VALUES (167,'SALUDVIDA','EPSS33','SAN DIEGO',3,3,1857,'Subsidiado','Activo','','2020-10-16 08:59:46','',NULL);
INSERT INTO `rg_mp_em` (`EmId`,`Eps`,`Codigo`,`Municipio`,`EpsId`,`MunicipioId`,`Valor`,`Tipo`,`Estado`,`CreatedBy`,`CreatedAt`,`ModifiedBy`,`ModifiedAt`) VALUES (168,'COOSALUD','ESS024','SAN DIEGO',4,3,296,'Subsidiado','Activo','','2020-10-16 08:59:46','',NULL);
INSERT INTO `rg_mp_em` (`EmId`,`Eps`,`Codigo`,`Municipio`,`EpsId`,`MunicipioId`,`Valor`,`Tipo`,`Estado`,`CreatedBy`,`CreatedAt`,`ModifiedBy`,`ModifiedAt`) VALUES (169,'ASMET','ESS062','SAN DIEGO',5,3,2974,'Subsidiado','Activo','','2020-10-16 08:59:46','',NULL);
INSERT INTO `rg_mp_em` (`EmId`,`Eps`,`Codigo`,`Municipio`,`EpsId`,`MunicipioId`,`Valor`,`Tipo`,`Estado`,`CreatedBy`,`CreatedAt`,`ModifiedBy`,`ModifiedAt`) VALUES (170,'AMBUQ','ESS076','SAN DIEGO',6,3,4645,'Subsidiado','Activo','','2020-10-16 08:59:46','',NULL);
INSERT INTO `rg_mp_em` (`EmId`,`Eps`,`Codigo`,`Municipio`,`EpsId`,`MunicipioId`,`Valor`,`Tipo`,`Estado`,`CreatedBy`,`CreatedAt`,`ModifiedBy`,`ModifiedAt`) VALUES (171,'COMPARTA','ESS133','SAN DIEGO',7,3,1409,'Subsidiado','Activo','','2020-10-16 08:59:46','',NULL);
INSERT INTO `rg_mp_em` (`EmId`,`Eps`,`Codigo`,`Municipio`,`EpsId`,`MunicipioId`,`Valor`,`Tipo`,`Estado`,`CreatedBy`,`CreatedAt`,`ModifiedBy`,`ModifiedAt`) VALUES (172,'NUEVA EPS','EPSS41','SAN DIEGO',8,3,1781,'Subsidiado','Activo','','2020-10-16 08:59:46','',NULL);
INSERT INTO `rg_mp_em` (`EmId`,`Eps`,`Codigo`,`Municipio`,`EpsId`,`MunicipioId`,`Valor`,`Tipo`,`Estado`,`CreatedBy`,`CreatedAt`,`ModifiedBy`,`ModifiedAt`) VALUES (173,'SALUDVIDA','EPSM33','SAN DIEGO',9,3,14,'Subsidiado','Activo','','2020-10-16 08:59:46','',NULL);
INSERT INTO `rg_mp_em` (`EmId`,`Eps`,`Codigo`,`Municipio`,`EpsId`,`MunicipioId`,`Valor`,`Tipo`,`Estado`,`CreatedBy`,`CreatedAt`,`ModifiedBy`,`ModifiedAt`) VALUES (174,'NUEVA EPS','EPSS37','SAN DIEGO',14,3,116,'Subsidiado','Activo','','2020-10-16 08:59:46','',NULL);
INSERT INTO `rg_mp_em` (`EmId`,`Eps`,`Codigo`,`Municipio`,`EpsId`,`MunicipioId`,`Valor`,`Tipo`,`Estado`,`CreatedBy`,`CreatedAt`,`ModifiedBy`,`ModifiedAt`) VALUES (175,'ASMET','ESS062','SAN ALBERTO',5,23,3063,'Subsidiado','Activo','','2020-10-16 08:59:46','',NULL);
INSERT INTO `rg_mp_em` (`EmId`,`Eps`,`Codigo`,`Municipio`,`EpsId`,`MunicipioId`,`Valor`,`Tipo`,`Estado`,`CreatedBy`,`CreatedAt`,`ModifiedBy`,`ModifiedAt`) VALUES (176,'COMPARTA','ESS133','SAN ALBERTO',7,23,6854,'Subsidiado','Activo','','2020-10-16 08:59:46','',NULL);
INSERT INTO `rg_mp_em` (`EmId`,`Eps`,`Codigo`,`Municipio`,`EpsId`,`MunicipioId`,`Valor`,`Tipo`,`Estado`,`CreatedBy`,`CreatedAt`,`ModifiedBy`,`ModifiedAt`) VALUES (177,'NUEVA EPS','EPSS41','SAN ALBERTO',8,23,1982,'Subsidiado','Activo','','2020-10-16 08:59:46','',NULL);
INSERT INTO `rg_mp_em` (`EmId`,`Eps`,`Codigo`,`Municipio`,`EpsId`,`MunicipioId`,`Valor`,`Tipo`,`Estado`,`CreatedBy`,`CreatedAt`,`ModifiedBy`,`ModifiedAt`) VALUES (178,'COOMEVA','EPSS16','SAN ALBERTO',12,23,2086,'Subsidiado','Activo','','2020-10-16 08:59:46','',NULL);
INSERT INTO `rg_mp_em` (`EmId`,`Eps`,`Codigo`,`Municipio`,`EpsId`,`MunicipioId`,`Valor`,`Tipo`,`Estado`,`CreatedBy`,`CreatedAt`,`ModifiedBy`,`ModifiedAt`) VALUES (179,'NUEVA EPS','EPSS37','SAN ALBERTO',14,23,686,'Subsidiado','Activo','','2020-10-16 08:59:46','',NULL);
INSERT INTO `rg_mp_em` (`EmId`,`Eps`,`Codigo`,`Municipio`,`EpsId`,`MunicipioId`,`Valor`,`Tipo`,`Estado`,`CreatedBy`,`CreatedAt`,`ModifiedBy`,`ModifiedAt`) VALUES (180,'ASMET','ESS062','SAN MARTIN',5,24,6279,'Subsidiado','Activo','','2020-10-16 08:59:46','',NULL);
INSERT INTO `rg_mp_em` (`EmId`,`Eps`,`Codigo`,`Municipio`,`EpsId`,`MunicipioId`,`Valor`,`Tipo`,`Estado`,`CreatedBy`,`CreatedAt`,`ModifiedBy`,`ModifiedAt`) VALUES (181,'AMBUQ','ESS076','SAN MARTIN',6,24,2062,'Subsidiado','Activo','','2020-10-16 08:59:46','',NULL);
INSERT INTO `rg_mp_em` (`EmId`,`Eps`,`Codigo`,`Municipio`,`EpsId`,`MunicipioId`,`Valor`,`Tipo`,`Estado`,`CreatedBy`,`CreatedAt`,`ModifiedBy`,`ModifiedAt`) VALUES (182,'COMPARTA','ESS133','SAN MARTIN',7,24,3726,'Subsidiado','Activo','','2020-10-16 08:59:46','',NULL);
INSERT INTO `rg_mp_em` (`EmId`,`Eps`,`Codigo`,`Municipio`,`EpsId`,`MunicipioId`,`Valor`,`Tipo`,`Estado`,`CreatedBy`,`CreatedAt`,`ModifiedBy`,`ModifiedAt`) VALUES (183,'NUEVA EPS','EPSS41','SAN MARTIN',8,24,1737,'Subsidiado','Activo','','2020-10-16 08:59:46','',NULL);
INSERT INTO `rg_mp_em` (`EmId`,`Eps`,`Codigo`,`Municipio`,`EpsId`,`MunicipioId`,`Valor`,`Tipo`,`Estado`,`CreatedBy`,`CreatedAt`,`ModifiedBy`,`ModifiedAt`) VALUES (184,'COOMEVA','EPSS16','SAN MARTIN',12,24,1257,'Subsidiado','Activo','','2020-10-16 08:59:46','',NULL);
INSERT INTO `rg_mp_em` (`EmId`,`Eps`,`Codigo`,`Municipio`,`EpsId`,`MunicipioId`,`Valor`,`Tipo`,`Estado`,`CreatedBy`,`CreatedAt`,`ModifiedBy`,`ModifiedAt`) VALUES (185,'NUEVA EPS','EPSS37','SAN MARTIN',14,24,250,'Subsidiado','Activo','','2020-10-16 08:59:46','',NULL);
INSERT INTO `rg_mp_em` (`EmId`,`Eps`,`Codigo`,`Municipio`,`EpsId`,`MunicipioId`,`Valor`,`Tipo`,`Estado`,`CreatedBy`,`CreatedAt`,`ModifiedBy`,`ModifiedAt`) VALUES (186,'SALUDVIDA','EPSS33','TAMALAMEQUE',3,25,3278,'Subsidiado','Activo','','2020-10-16 08:59:46','',NULL);
INSERT INTO `rg_mp_em` (`EmId`,`Eps`,`Codigo`,`Municipio`,`EpsId`,`MunicipioId`,`Valor`,`Tipo`,`Estado`,`CreatedBy`,`CreatedAt`,`ModifiedBy`,`ModifiedAt`) VALUES (187,'ASMET','ESS062','TAMALAMEQUE',5,25,3590,'Subsidiado','Activo','','2020-10-16 08:59:46','',NULL);
INSERT INTO `rg_mp_em` (`EmId`,`Eps`,`Codigo`,`Municipio`,`EpsId`,`MunicipioId`,`Valor`,`Tipo`,`Estado`,`CreatedBy`,`CreatedAt`,`ModifiedBy`,`ModifiedAt`) VALUES (188,'AMBUQ','ESS076','TAMALAMEQUE',6,25,3053,'Subsidiado','Activo','','2020-10-16 08:59:46','',NULL);
INSERT INTO `rg_mp_em` (`EmId`,`Eps`,`Codigo`,`Municipio`,`EpsId`,`MunicipioId`,`Valor`,`Tipo`,`Estado`,`CreatedBy`,`CreatedAt`,`ModifiedBy`,`ModifiedAt`) VALUES (189,'NUEVA EPS','EPSS41','TAMALAMEQUE',8,25,1024,'Subsidiado','Activo','','2020-10-16 08:59:46','',NULL);
INSERT INTO `rg_mp_em` (`EmId`,`Eps`,`Codigo`,`Municipio`,`EpsId`,`MunicipioId`,`Valor`,`Tipo`,`Estado`,`CreatedBy`,`CreatedAt`,`ModifiedBy`,`ModifiedAt`) VALUES (190,'SALUDVIDA','EPSM33','TAMALAMEQUE',9,25,156,'Subsidiado','Activo','','2020-10-16 08:59:46','',NULL);
INSERT INTO `rg_mp_em` (`EmId`,`Eps`,`Codigo`,`Municipio`,`EpsId`,`MunicipioId`,`Valor`,`Tipo`,`Estado`,`CreatedBy`,`CreatedAt`,`ModifiedBy`,`ModifiedAt`) VALUES (191,'NUEVA EPS','EPSS37','TAMALAMEQUE',14,25,159,'Subsidiado','Activo','','2020-10-16 08:59:46','',NULL);
